bus_id,Pg,Qg
1279,0,0
1210,7.22,10.158
751,9.2,16.92
2777,7.74905e-08,-0.0999697
2777,7,0.90003
978,2.4,-2.39739
158,4.70137e-09,0
1217,13,0.0246051
367,50,27
1127,3.2,0
460,0,0
968,3.6,-10
1827,22,7
1466,40,4.99998
2863,1,3.30736
1466,40,4.99998
2863,40,3.30736
1072,0,0
1072,0,0
1072,0,0
642,10.33,-2.40253
642,2.07,-2.40253
542,5,16.4196
773,12,0
399,13.8,0
399,5.36493e-09,0
21,24,0
21,5.52,0
899,3.6,0
899,4.2,0
2618,6,0
2618,7.5,7.06996
285,1.2,0
285,7.5,7.73719
135,2.6,0.65832
53,3.6,-0.8
53,18,-0.8
596,4,0
958,2.25305e-08,0
1679,4.2,-1.66944
1679,21,-2.06489
1157,1.44,0
513,0,0
513,0,0
371,1.6,2.70051
371,8,2.70051
976,7,12
976,7,12
2754,2.3,0
749,0,0
1188,4,1.99997
1254,4.8,-3.67477
252,11,0.998222
252,9,0.149564
252,2.2,0.998222
252,9,0.149564
504,2.48,-4.39545
115,5.06,0
967,4.24558e-09,0
1811,1.8,-5.5
2634,14,2.01179
326,2.8,4.50262
1829,2.56,-3.94283
1314,39,-5.59093
71,6,2.29344
93,0,0
129,2.2,4
1594,12,3.77254
1594,2.4,3.77254
1354,5,2
1133,17.25,0
1405,37.8,12
2850,37.8,12
2849,7.56,12
1122,6.9,0
1708,45,7.60428
1708,45,7.60428
1658,5.98,0
2884,13.7,0
1154,4.16,0
231,8.3,-0.388587
2887,4.74,7
2888,4.74,7
1666,4.74,7
499,3.4,0.900001
499,1.4,0.900001
499,17,0.900001
2709,4.8,4
709,4.8,4
2710,4.8,4
2708,24,4
1280,3.6,0
1493,0,0
745,5.8,2.68323
2727,5.8,1.13142
1445,11,0
316,5,0.950039
316,1.96,0.0240689
564,2,0
1047,12,0
1047,5.35602e-09,0
1335,5.10009e-09,-0.999998
2624,6.2,1.75738
298,6.2,2.0504
298,6.2,2.0504
2625,6.2,2.0504
2625,6.2,2.0504
2624,31,1.75738
2721,4.8,-2.41366e-06
2718,24,8
741,24,8
2719,4.8,8
2720,24,8
283,23.5,7.99999
1506,14.3842,6
1506,27,6
1847,32,0.101965
1398,4,0
1398,4.07,0
225,9,-6.61542
225,9,-6.61542
1607,1.74,0
314,4,-2.00522
2680,239,45.3655
582,169,28.5229
2978,82,14.1065
2977,44,19.5087
240,239,-67.9258
1655,12,0
1655,6.18238e-09,0
1150,10.8,0
1447,1.4,1.93957
906,0,0
1474,0,0
1474,1.6,3
1474,8,3
963,8.9,0.999998
962,4.4,0
923,12,-4.9999
1153,3.2,-4.34653
1153,3.36,-1.78834
274,6.7,-1.24783
274,1.12,-0.859735
1776,2,-1.76371
1776,10,-1.76371
2914,2,-1.76516
2914,2,-1.76516
184,0,0
1657,26,4.7153
1657,26,4.7153
1761,4.83545e-09,-0.0954821
1761,0,0
1868,6,9.20769
1868,6,9.20769
731,0,0
2715,0,0
1263,4.62,2.358
1263,23.1,2.358
161,3.6,-0.044722
604,10.2,5.99998
918,5.2,0
1760,2.3,0.999989
1760,11.5,0.999989
1414,13,-1.96878
1414,2.4,-1.69443
662,8,14.4882
2697,40,18.9991
2696,8,14.4882
1346,12,-1.16674
1346,2.4,-1.16674
2622,8,2.23349
2622,3,2.23349
291,19,3.1492
1490,10.6,2.96613
1671,4.28,0.291131
1615,39,-3.38946
1681,87,4.62315
418,15,24.2472
2658,15,24.2472
418,15,24.2472
2658,15,24.2472
461,8.28,-5.44139
31,6.68,0
236,15,9.54596e-07
236,15,9.54596e-07
1754,5.0386e-09,-0.284751
1754,4.26823e-09,-0.284751
1754,5.83138e-09,-0.284751
898,4.98764e-09,0
898,4.52,0
120,3,-6.8938
549,5,12.0512
77,4.7,0
124,-1.04535e-08,0
124,-1.04535e-08,0
552,21,0
1858,1.92,1.37062
134,25,11.2059
1204,8.4,-8.53968
1204,8.4,-8.53968
641,11,-5
641,2.2,-5
916,12,0
1317,50,-5.57676
1317,8,6.94111
1610,13.8,0
1610,3,0
271,39,7.88744
1123,11.08,0
300,40.8,0
648,5.78,7.32677
1630,4.33305e-09,-0.0434644
1630,5,-0.16917
1630,4.27163e-09,-0.0434644
1604,5,2
1802,34,11.9494
2917,170,54.0482
2921,30,11.5654
2918,170,54.1786
2921,30,11.5654
2920,0,0
2919,34,26.1142
1802,34,11.9494
2917,170,54.0482
2919,170,26.1142
2918,170,54.1786
2920,0,0
946,16,8.22104
1576,3.80005,5
335,0,0
335,0,0
335,0,0
335,0,0
2932,7.02,11.9999
1873,7.02,12
2931,35.1,12
2761,4.8,12.5159
2759,4.8,12.516
2760,20,13.1225
2758,4.8,12.5159
883,4.8,12.5159
2757,24,13.403
631,52,-13
1355,3,1.8
1151,38,19.9999
2803,38,19.9999
2802,7.6,16.8083
1593,2.4,0.57215
1593,12,0.57215
313,27,9.99998
1573,13,7.12501
1294,2.56,4.49
2578,3.58,9.99989
2578,17.9,9.99989
1176,5.4,5.15419
1176,5.4,5.15419
1782,6,3.26943
626,78,0.999997
146,130,59
262,1.72108e-08,0.26712
262,5.7,0.382581
262,1.7,1.73689
262,4,0.171723
819,0,0
1536,5,2
1536,6.10529e-07,2
19,2.6,0.900007
838,2.5,1.35304
838,2.5,1.35304
519,2.6,2.50556
519,2.6,2.50556
275,5.32,0.0518428
482,6.96501e-08,0
876,28,2.56546
876,5.6,2.56546
876,28,2.56546
305,1,5.99999
305,1,5.99999
2628,1,5.82801
2628,1,5.82801
2628,1,5.82801
2628,1,5.82801
1456,2.34,0
38,46,4.26799
1798,5.4,12.7372
426,1.4,0.0999989
1714,1.2,0
744,5.8,2.20268
744,5.8,2.20268
1261,1.5,0.122969
1261,1.5,0.122969
1261,7.5,0.122969
1261,1.5,0.122969
1261,1.5,0.122969
975,4.47909e-09,-0.048565
975,1.96,-0.499453
1706,11.7,0
1160,1.6,0
1160,8,0
235,7.3,3.88779
2613,7.4,1.48136
2613,37,1.48136
259,7.4,0.471878
259,7.4,0.471878
2614,37,1.48136
2614,7.4,1.48136
1220,2.04,0
1220,3.6,0
1148,9,0.000433462
1069,6,5.93459
1069,6,6.84368
1069,6,6.84368
1815,2.16,6.39999
1815,1.28,3.99999
1046,13.8,-5.56
1606,46,11.9894
76,6,-1.63449
1612,44,-1.28169
1276,-1.06907e-08,0
1276,10.6,-3.80037
1396,2,0
1396,2,0
1288,10,0
489,8,-0.969663
489,4.10581e-09,-0.0162466
489,1.6,-0.969663
1678,6.2,16
1614,11.6,-3.50629
220,1.22,0.999999
133,25,7.94602
172,0,0
1266,1.66461e-07,0
877,2,-0.999978
877,7,2.90002
697,2.10663e-08,2
697,2.49321e-07,0.999995
1181,3.6,0
1181,10,0
2982,8.6,0
2982,10.5,0
310,1.4,2.38337
310,2.6,2.38337
2250,253.921,6.35291
2251,700,269.33
2253,4.6,2.37117
2254,4.6,2.37504
2255,5.4,3.49154
2257,17.2,11.811
2258,9.8,7.08478
2259,124,3.58887
2260,6.4,0.079918
2261,32,0.140617
2262,6.4,-1.32707
2263,6.4,-1.32725
2264,92,-22.326
2265,92,-22.3253
2266,92,34.2315
2267,18.4,32.8933
2268,92,62.7
2269,18.4,62.7
2270,935.5,99.9241
2271,976.47,97.8035
2272,972.51,107.912
2273,910,94.6449
2274,252,44.6101
2275,140,45.2554
2276,154,23.9225
2277,112,43.1445
2278,155,17.66
2279,11.6,-0.772475
2280,11.6,-0.303783
2281,11.6,-0.772405
2282,58,-0.221907
2283,58,-0.221325
2284,250,117.836
2286,139,-46.0977
2287,9.8,-14.2149
2289,49,-14.3522
2290,49,-14.3524
2291,6.4,-0.72887
2292,6.4,-0.162251
2293,942.4,166.193
2294,906,107.602
2295,930.39,170.634
2296,920.98,116.992
2297,1308,154.266
2298,1308,154.045
2299,7,0.309016
2300,7,0.309031
2301,7,0.309029
2302,35,1.74749
2303,7,1.74828
2304,35,1.74742
2305,20,-7.30999
2306,4,-7.30999
2307,1330,239.528
2309,1360,240.248
2310,1360,258.635
2311,18,53.82
2312,0,0
2313,0,0
2314,1.4,158.176
2315,240,109.25
2317,942.09,217.849
2318,285.852,-0.668928
2319,949.12,135.899
2320,233.12,36.8012
2321,1503,408.222
2322,1503,421.523
2323,1498,102.567
2324,1498,135.035
2325,125,3.36401
2326,8.5,-6.62634
2327,148.2,72.6905
2328,685,64.2249
2329,610,58.5972
2330,610,-34.3395
2331,663.465,47.5449
2332,3.6,-6.13951
2336,50,14.1303
2337,10,14.0353
2338,50,14.1267
2339,50,14.1286
2340,50,14.1266
2341,10,14.0364
2342,1000,195.087
2343,1000,195.042
2344,1000,194.682
2345,930,178.09
2346,57,-12.76
2348,11.4,-12.76
2349,301.01,20.7761
2350,21,8.25341
2351,294.532,18.9744
2352,230.06,-15.6182
2353,230.07,-15.6177
2354,920.04,80.1865
2355,927.07,81.7981
2356,6.4,6.54317
2357,1380,170.953
2358,340,-38.1752
2359,13,9.75123
2360,14,5.34714
2361,13,23.6181
2362,13,23.3549
2363,70,11.7136
2364,1308,124.338
2365,1308,196.618
2367,0,0
2368,451,57.6644
2369,36,-6.40204
2370,7.2,-6.39406
2371,947,292.937
2372,267,241.626
2373,947,293.439
2374,947,293.439
2375,947,292.725
2376,947,283.447
2377,125,132.48
2378,446,53.73
2379,120,-34.4987
2380,585,49.0342
2381,272,136.386
2382,57,-3.35935
2383,11.4,-3.31076
2385,6.2,0.101045
2386,31,-11.5176
2388,19.5,1.42244
2389,0,0
2390,7,6.12988
2391,7,6.12988
2392,7,11.4299
2393,35,6.12988
2394,235,3.36534
2395,47,10.25
2396,9.4,10.25
2397,14.6,14.0782
2398,69,14.7778
2399,15.2,13.6065
2400,15.5,14.1974
2401,6.2,0.859422
2402,6.2,0.858788
2403,6.2,0.857284
2404,10,-15.57
2409,250,1.44094
2410,250,6.65119
2411,3.8,0.201236
2412,3.8,0.201245
2413,115,-27.7543
2414,115,-28.1239
2415,122,-9.17999
2416,196,21.4279
2417,10.4,32.824
2418,52,33.0593
2419,185,28.1095
2420,185,28.6096
2422,205.139,-15.3645
2423,45.4,-19.4903
2424,45.4,-19.3949
2425,65,8.77206
2426,13,7.50405
2427,950,294.64
2428,237,246.776
2429,156,-10.5957
2430,191,25.981
2431,316,57.4421
2432,1360,174.051
2434,12.2,-24.22
2435,61,-24.22
2436,35,-10.1
2437,1380,335.389
2438,1380,346.718
2439,1380,368.925
2440,1290,427.521
2441,0.8,31.6658
2442,1380,252.249
2443,1380,262.288
2444,585,112.119
2445,262.674,49.441
2446,585,112.11
2447,585,104.72
2449,43,2.62198
2450,8.6,1.95425
2452,14,78.5
2453,0,0
2454,230,99.4329
2455,600.422,33.4619
2457,11.2,0.256132
2458,0,0
2459,23.1,2.26408
2460,4.62,2.01326
2461,262.105,27.3065
2462,41,7.41687
2463,80,-6.63
2464,80,-6.63
2465,16,-6.63
2466,6.4,-2.34649
2467,6.4,-2.34389
2468,6.4,-2.34794
2469,6.4,-2.34407
2470,180,18.6337
2471,36,-3.77555
2473,36,-3.54119
2474,6.4,-19.06
2475,6.4,-19.06
2477,6.4,-19.06
2478,6.4,-19.06
2481,44,-6.01
2482,6.2,5.11
2483,31,5.346
2484,0,0
2485,0,0
2486,0,0
2487,0,0
2489,84,-9.20808
2490,0,0
2491,0,0
2493,81,4.44204
2494,16.2,4.0253
2496,130,-18.18
2497,26,-18.18
2498,282,-12.4313
2499,1332,146.48
2500,150,166.37
2501,269.723,6.24716
2502,120,23.2366
2503,127,26.1822
2504,10,19.4517
2505,10,19.4575
2507,49,3.16349
2508,49,3.16412
2509,0,0
2510,0,0
2511,17,40.5441
2512,55,32.0855
2513,950.09,52.3342
2514,953.09,53.1368
2515,9.8,-0.138702
2516,9.8,-0.147086
2517,9.8,-0.147087
2519,161,19.9681
2520,32.2,17.6222
2521,32.2,17.6097
2523,156,18.5457
2524,19.8,-26.6072
2525,19.8,-26.6075
2526,99,-26.7195
2527,826.918,59.411
2528,836.868,55.6175
2529,834.886,55.2281
2530,713.786,79.1331
2531,185,6.56694
2532,185,8.26985
2533,185,62.324
2534,250,69.8234
2535,138,52.4361
2536,180,-18.873
2537,27.2,33.5383
2538,128,37.3455
