bus_id,Vm,Va_deg
1,1.03002,-4.00075
2,1.05529,-4.37124
3,1.06913,-1.07155
4,1.02978,-12.1342
5,0.914186,-3.27854
6,0.915299,-3.29463
7,1.06613,-4.68947
8,1.03708,-12.7173
9,1.01001,0.108973
2966,0.974082,-3.67067
10,1.02234,-3.0135
11,1.02173,-3.12126
2571,1.02048,-2.92278
12,1.03028,0.0670638
13,1.05169,-5.08421
14,0.995296,-7.0178
15,1.00883,-6.14376
16,1.0349,-5.28256
17,1.064,-5.1785
18,1.02857,-4.35684
19,1.0467,-7.91464
20,1.06394,-5.18822
21,1.06913,-0.658291
22,1.07137,-10.0103
23,1.00417,-6.89921
24,1.07837,-0.262131
2573,1.07848,-0.217948
25,1.0695,-0.675361
26,1.0897,3.39245
27,1.0334,-5.82986
28,1.04851,-5.65476
2574,1.04846,-5.65786
29,0.9924,-6.53777
30,1.0643,-3.13245
31,1.02137,-6.89569
32,0.965011,-7.99117
33,0.913545,-3.72596
34,0.914249,-3.27377
35,1.03497,-13.0501
36,0.955728,-5.89236
37,1.03352,-7.87454
39,1.06495,-3.15179
40,1.07288,-2.2599
41,1.08441,-19.7933
42,1.01467,-5.01776
43,1.02434,-2.90592
44,1.03749,-14.394
45,1.04322,-3.71089
46,1.06933,-1.02821
2575,1.06928,-1.04253
47,1.01527,-2.10082
48,1.02705,-7.24667
49,1.02613,-8.18585
2576,1.03354,-7.95624
50,1.06558,-5.74661
51,1.07629,-9.46139
52,1.06424,-5.05412
2942,1.05211,-6.02272
53,1.03672,-5.65266
54,1.05381,-5.5932
55,1.08151,-24.8549
56,1.09109,-22.845
57,1.03403,-7.31106
58,1.06478,-0.788845
59,1.06935,-0.552089
60,1.07328,0.68379
61,1.01877,-5.09411
62,1.02024,-13.3396
63,1.02044,-13.3371
2577,1.02045,-14.6073
64,1.0356,-2.90915
65,1.02042,-14.6108
66,0.892073,-3.65998
2578,0.960034,-2.98439
67,1.07457,-1.95327
2579,1.07417,-2.03873
68,1.06726,-13.048
69,1.06724,-13.0462
70,1.06649,-4.13847
71,1.09149,-15.9869
72,1.03221,-6.02886
2580,1.03221,-6.02886
74,1.03221,-6.02885
75,1.0159,-2.37928
76,0.924888,-3.34175
77,1.05115,-8.08877
78,1.04227,-4.03357
79,1.06239,-23.6222
80,1.02055,-11.2753
81,1.05176,-16.4795
82,1.06981,-2.36202
83,1.04723,-17.3421
84,1.06059,-1.11672
85,1.05847,0.517224
86,1.04874,-15.3943
87,0.980675,-8.78011
88,1.03539,-11.1603
89,1.02367,-9.27587
2581,1.02364,-9.20743
90,1.06923,-9.13216
2582,1.06935,-9.13175
91,1.07049,-7.16775
92,1.04647,-4.45124
93,1.09099,-16.0694
94,1.0737,-8.07404
2583,1.07462,-8.07949
95,1.07484,-8.2252
96,1.07348,-0.0587519
97,1.03602,-14.2523
98,1.01884,-2.33227
99,1.05162,-5.13951
2584,1.02789,-4.51687
100,1.05513,-16.6611
101,1.04688,-2.18943
102,1.07537,-1.75452
2585,1.07433,-1.92164
103,1.07776,-0.371366
104,1.04899,-5.78409
2586,1.05187,-4.69043
105,1.02206,-12.0737
106,1.06515,-6.70628
2587,1.06511,-6.72403
107,1.04459,-10.0684
108,1.06485,-7.24947
109,1.07384,-5.33115
110,1.06869,-0.154921
111,1.07376,-5.38331
112,1.02931,-4.24392
2588,1.02928,-4.25025
113,1.08757,1.67077
114,1.01428,-5.91778
115,1.07198,-1.68457
116,1.06535,-0.733275
117,1.01303,-8.9236
118,1.0488,-25.504
119,1.04087,-15.3397
120,1.02434,-6.40309
121,1.06271,-17.9627
2589,1.06306,-17.9696
122,1.08185,-11.9334
123,1.05613,-16.6771
124,1.05728,-8.23905
125,1.07642,-19.2518
126,1.03263,-14.3617
127,1.07083,-14.4023
128,1.03012,-4.07821
129,1.0167,-4.55014
130,1.05329,-13.32
131,1.05918,-11.7943
132,1.06913,-14.3352
133,1.03497,-22.5587
134,1.04345,-16.2163
135,1.04084,-13.2962
136,1.0429,-0.839907
137,1.01084,-10.2703
138,1.03651,-5.05674
139,1.03812,-20.1557
140,1.07731,3.98705
2590,1.07764,3.18493
141,1.08571,-11.9848
142,1.07284,-4.39543
143,1.05002,-14.1
144,1.08426,-17.1365
145,1.0693,-17.3018
146,1.04824,-5.70515
147,1.02111,-3.2261
148,1.02982,0.113654
2591,1.03004,0.0773343
149,1.06427,-5.16043
2592,1.05133,-6.19299
150,1.03708,-1.36253
151,1.0641,-5.17008
152,1.02579,-1.79805
153,1.02131,-1.25486
154,1.0385,1.09085
155,1.08152,-10.4721
156,1.04724,-6.31452
157,1.04306,-10.33
158,1.03855,-14.1825
159,1.0485,-15.9716
160,1.032,-5.78481
161,1.02082,-15.6809
162,1.0668,-3.58589
163,1.05766,-23.0419
164,1.09791,-18.2581
165,1.06481,0.407054
166,1.04156,-11.0972
167,1.05168,-5.07907
168,1.03418,-7.94287
169,1.0141,-11.1436
170,1.01485,-5.83441
171,1.06915,-2.61027
172,0.989382,-7.46434
173,1.06394,3.7836
174,1.08675,3.87438
175,1.08444,-10.141
176,1.03122,-18.9452
177,0.993984,-20.1848
178,1.08272,-18.648
179,1.07896,-16.2549
180,1.02196,-1.26163
181,0.926065,-3.52338
182,1.01913,-5.06175
183,1.02593,-2.64334
184,1.05689,-4.84059
185,1.01535,-8.72154
186,1.09118,-4.49646
187,1.08647,-4.54856
2593,1.08652,-4.51123
2594,1.08658,-4.49583
2595,1.08658,-4.50496
188,1.06396,3.78469
2596,1.0628,3.8683
189,1.08575,3.94509
190,1.07312,-0.721738
191,1.03399,-23.7915
192,1.08431,-19.7463
193,1.06481,-0.0251887
194,1.02673,-4.61716
2597,1.01999,-4.42799
195,1.04129,-1.73655
196,1.03469,1.29029
197,1.01535,-7.53209
198,1.03627,-4.63056
199,1.05183,-5.10767
200,1.04383,-2.11994
2598,1.04382,-2.12553
201,1.06684,-3.58494
202,1.03762,-4.68874
2599,1.03762,-4.68872
203,1.08166,-11.6413
204,1.07654,-2.22185
205,0.982251,-8.50592
206,1.02772,-5.43233
207,1.03897,-14.0404
208,1.07036,-20.3406
209,1.03599,-8.83209
210,1.06239,-23.6222
211,1.08264,-12.436
212,1.0739,-12.569
213,1.07388,-12.5751
2600,1.07206,-7.63136
214,1.06727,-5.77966
215,1.00943,-5.46761
216,1.0664,-0.52672
217,1.09116,-4.49657
218,1.08647,-4.56823
219,1.04599,-3.20462
220,1.04007,-20.1456
221,1.03024,-13.8494
222,1.06391,-13.3
223,1.07257,-12.6989
2601,1.07257,-12.6987
2602,1.07257,-12.6987
224,1.07256,-12.6987
225,1.01922,-2.16308
226,1.02146,-2.9493
227,1.02255,-1.97284
228,1.02969,-5.12155
229,1.03262,-4.7821
230,1.0381,-3.10531
231,1.01631,-4.49489
232,0.999336,-6.69138
2603,1.03264,-6.17495
233,1.05088,-5.65102
234,1.0493,-5.50172
2604,1.04906,-5.55661
235,1.01393,-5.36733
236,1.03104,-12.4427
237,1.03797,-7.29442
238,1.06398,-0.602909
240,1.03047,-3.50955
241,1.01089,-1.46855
242,1.0413,-11.3073
243,1.08264,-12.4137
244,1.04872,-17.3188
245,1.05247,-0.241657
246,1.02925,3.34519
2609,1.03266,2.4904
2610,1.02928,3.33777
2611,1.0322,2.58231
247,1.07479,-0.153443
248,1.01818,-6.80585
249,0.978072,-8.65066
250,1.03335,-7.70297
251,1.06519,-8.81976
252,0.894876,-2.16173
253,1.01785,6.05654
254,1.01809,5.97861
255,1.02625,-7.53868
256,1.04832,-5.96648
257,1.07293,-7.03994
2612,1.07323,-6.92967
258,1.07125,-0.989163
259,1.01609,-1.89314
2613,1.04175,2.11758
2614,1.04175,2.11758
260,1.0205,-3.83854
2615,1.04175,2.11758
261,1.06981,-7.89655
262,0.890939,-2.67776
263,1.07189,-11.1769
2616,1.07191,-11.1763
2617,1.07193,-11.1736
264,1.07191,-11.169
265,1.04055,-12.9257
266,1.06843,-8.29509
267,1.05695,-2.08352
268,1.03027,-8.3462
269,1.02364,-23.1719
270,1.06539,-3.62068
271,1.00463,-7.30254
272,1.05247,-4.63351
273,1.03314,-7.88764
274,1.01165,-5.73885
275,1.01073,-6.07971
276,1.02992,-11.6253
277,1.03021,-6.52932
279,1.07974,-18.9261
280,1.07911,-17.0697
281,1.01388,-9.42582
282,1.0522,-4.78934
283,1.06851,-1.32412
284,1.06852,-1.32466
285,1.01753,-4.35573
2618,1.01095,-5.27922
286,1.07659,-5.62829
287,0.973794,-4.44768
2619,0.973794,-4.44768
2620,0.973794,-4.44768
288,0.972821,-4.44768
289,1.08746,3.50821
290,1.07567,-9.87306
2621,1.07624,-9.47145
291,1.01393,-5.11508
2622,1.02703,-1.11055
292,1.00862,-6.6046
2623,1.01001,-6.39133
293,1.04132,2.12292
3015,1.02062,-4.48434
294,1.04652,1.63332
295,1.01555,-5.63253
296,0.992392,-6.45573
297,1.05784,-1.97595
298,1.02538,4.0429
2624,1.01036,-3.57522
2625,1.02538,4.0429
299,1.01983,-4.13359
2626,1.03961,2.44286
300,1.07868,-20.1352
301,1.07337,-8.22257
2627,1.07382,-8.16616
302,1.04159,-19.9343
303,1.07501,-8.9678
304,1.03112,-12.0098
305,1.03297,-7.81604
2628,1.02491,-8.29163
306,1.07536,-2.04319
307,1.07607,-9.78946
2629,1.07571,-9.82392
308,1.07149,-0.387081
309,1.01754,-10.5122
310,1.02556,-9.76656
311,1.08187,-11.0648
312,1.08456,-8.55912
313,1.07937,-19.063
314,0.911338,-3.09719
315,1.02538,-10.5797
317,1.03531,-11.6095
318,1.04985,-10.2315
319,1.03276,-22.6551
2630,1.03228,-22.7316
2631,1.03054,-22.7076
320,1.09571,-17.8566
321,1.08677,-15.3106
322,1.07492,-0.752551
323,1.07853,1.76589
324,1.06427,-5.16232
2632,1.0514,-6.18705
325,1.04676,-2.97448
2633,1.04692,-2.91417
326,1.02674,-14.0646
2634,1.02736,-13.8601
327,1.03258,-22.6196
328,1.05251,-21.3764
329,1.04446,-11.7628
2635,1.04614,-11.6842
330,1.04651,-10.1746
331,1.05532,-18.7247
2636,1.05426,-18.7837
332,1.0494,-4.6203
2637,1.04934,-4.60224
333,1.06708,-3.75641
2638,1.06214,-4.35871
334,1.04757,-5.48098
2639,1.04799,-5.44818
335,1.00689,-6.6948
336,1.07405,-10.94
337,1.03058,-14.7881
338,1.09999,5.47748
339,1.09952,3.65449
340,1.09757,7.09419
341,1.09813,7.41977
342,1.04826,-5.70595
343,1.04472,-10.0724
344,1.04718,-10.4334
345,1.04572,-24.8109
346,1.03659,-9.37553
347,0.980329,-15.8991
2640,0.981757,-16.0006
348,1.06897,-15.844
2641,1.06882,-15.7806
349,1.08171,-14.6218
350,1.0202,-4.56392
351,1.01563,-5.61293
352,1.06718,-1.19278
353,1.02058,-7.11677
354,1.06442,-23.8067
355,1.06832,-4.41578
2943,0.99473,-4.60966
2944,0.998051,-4.5038
2945,0.999369,-4.98421
356,1.06173,-3.59163
2642,1.05904,-3.75363
2643,1.0623,-3.67344
2644,1.05955,-3.75827
357,1.06281,-0.505887
2645,1.06224,-0.540083
358,1.07176,-1.62864
359,1.0579,-1.98233
360,1.04423,-12.4297
361,1.07778,-6.42513
362,1.02055,-5.02627
363,1.01748,-2.00802
364,1.03436,2.2273
2963,1.03405,2.33433
365,1.05617,-1.76697
366,1.05785,-0.190543
2646,1.05786,-0.188901
367,1.01132,-6.43643
368,1.03329,-4.65577
369,1.02489,-3.09917
370,1.01913,-5.06194
371,1.02783,-2.3996
372,1.07899,-1.45227
373,1.06841,0.481008
374,0.997646,-4.28905
375,1.01501,-4.34262
376,1.07969,-0.885762
377,1.03217,-6.13445
378,0.99785,-4.74505
379,1.05285,-0.383786
380,1.01247,-1.29308
381,1.04308,0.102852
382,1.03716,2.35495
383,1.00619,-4.20331
384,1.02424,-4.68808
2648,1.03284,-4.7848
385,1.04258,-16.397
386,1.05003,-4.86953
2649,1.03899,-4.3524
387,1.0285,-3.8491
388,1.0555,-3.33906
2650,1.0555,-3.33831
389,1.0432,-3.78153
390,1.04528,-1.69161
391,1.04873,-1.39679
392,1.05187,-0.448392
2651,1.05218,-0.408976
2652,1.05418,0.920878
393,1.01124,-1.80997
394,1.05203,-0.428685
395,1.07686,-6.89343
396,1.07511,0.144252
397,1.0517,-5.03
2653,1.03176,-6.20566
398,1.03165,1.43224
399,1.01801,-8.47963
400,1.06841,-0.107853
401,1.06861,-0.107469
2654,1.06856,-0.144199
402,1.07612,-8.2711
403,1.06436,5.20043
404,1.07562,7.46896
405,1.08725,0.842435
406,1.04788,-17.6539
407,0.975543,-4.00412
408,1.0433,-3.32246
409,1.04653,-0.62333
410,1.08741,-11.8205
411,1.03587,-1.76735
2655,1.03538,-1.75474
412,1.01382,-1.89564
2656,1.03283,-5.70668
413,1.03455,-3.67462
414,1.02557,-3.11445
415,1.07948,-1.03643
416,1.06996,-2.221
2657,1.07008,-2.21382
417,1.03203,-8.3276
418,0.974524,2.16055
2658,0.974524,2.16055
419,1.02504,0.854663
420,1.02141,-8.91034
421,1.07159,-12.2652
422,1.04081,-9.92935
423,1.03227,-6.11718
424,1.04188,-5.291
425,1.00615,-7.13967
426,1.0405,-15.0957
427,1.01522,-7.52874
428,1.06477,-11.6814
429,1.02148,-2.0937
2659,1.04859,-3.96416
430,1.06304,-4.93391
431,1.02563,-3.98088
432,1.03367,-10.8001
433,1.07728,-13.1562
434,1.0764,-9.65106
435,1.04825,-8.28976
436,1.03884,-1.95892
437,1.01512,-4.06712
438,1.0323,-22.6157
439,1.0477,-5.45557
440,1.04319,-3.7842
2660,1.04313,-3.80772
441,1.07655,-1.29093
442,0.924854,-3.34565
443,1.07168,-2.1962
444,1.07193,-7.10994
445,1.08331,-4.29581
2661,1.08293,-4.46657
2662,1.08301,-4.44919
446,1.08212,-3.17833
447,1.0418,-15.5285
448,1.03892,-1.08353
449,1.05166,-5.12988
2663,1.03194,-6.16646
450,1.06403,-5.00714
451,1.03571,-4.31395
2664,1.04002,-4.42111
452,1.04397,-1.95274
453,1.0829,-4.54471
454,1.08276,-3.26694
455,1.0412,-5.42326
456,1.04091,-5.4966
457,1.03835,-4.57931
458,1.05006,-17.0391
459,1.0819,-14.6155
460,1.02786,-4.81511
461,1.04811,-10.1844
462,1.04112,-13.5674
463,1.0105,-7.79397
464,1.05503,0.667547
465,0.993195,-6.06759
466,1.02261,-4.0297
467,1.06394,-12.1138
468,1.04314,-10.5227
469,1.01029,-0.761341
2665,1.02469,-2.62211
470,1.03939,-1.1983
2666,1.04005,-1.7176
2667,1.03958,-1.18578
471,1.03502,2.92408
472,1.03928,-5.78866
473,1.01863,-7.15117
474,1.02447,-4.83268
475,1.00141,-1.69783
476,1.01146,-2.09271
2668,1.00658,-2.8687
477,1.07409,-2.03575
478,1.01936,-9.20562
479,1.03104,-1.39934
480,1.03864,-1.07771
481,1.08179,0.287149
482,1.0085,-10.4492
483,1.03177,-6.19471
2669,1.0518,-5.06865
484,1.0359,1.83861
2670,1.03774,1.41242
485,1.04858,-5.93027
2671,1.0519,-4.82135
486,1.03637,-4.66103
487,1.07532,-2.60834
488,1.03263,-2.08367
489,1.024,-8.45254
490,1.02601,-10.0899
492,1.02076,-5.02451
493,1.05493,0.656598
2672,1.05493,0.656598
2673,1.05494,0.657442
2674,1.05493,0.657319
494,1.00808,-7.49018
495,1.03822,-4.39191
496,1.00377,-7.74083
497,1.07349,-11.0706
498,1.04143,-13.6659
499,1.05599,-10.5575
500,0.9548,-5.86695
2675,0.954758,-5.94159
501,1.02293,-8.32501
502,1.05007,-9.78384
503,1.06569,-7.63541
504,0.910644,-3.18964
505,1.08418,-10.0911
506,1.08618,-6.6504
507,1.07388,-1.50274
508,1.05618,-4.69172
509,1.00859,-6.60371
510,1.02777,-2.39071
511,1.06236,3.48483
512,1.04387,-2.10692
513,1.01235,-8.4769
514,1.07358,-11.0573
515,0.992697,-5.8302
516,1.05551,-3.33724
517,1.07243,-0.257512
518,1.07507,-7.89027
2676,1.07478,-8.03799
519,1.03611,-22.3813
520,1.06349,-5.24034
521,1.01954,-9.21292
522,1.04881,-5.7803
523,1.01054,-7.07843
524,1.07216,-2.27509
525,1.0216,-9.27619
526,1.04321,-10.5228
527,1.04729,-1.80119
2677,1.04242,-4.01924
528,1.01798,-7.49119
529,1.01838,-8.58422
530,1.00914,-7.86221
531,1.01366,-4.85395
532,1.05427,-4.2153
533,1.01989,-8.98821
534,1.03481,-5.37655
535,1.04723,-6.31428
2678,1.04726,-6.31584
536,1.02935,-4.7145
537,1.04231,-1.93767
538,1.06728,-13.0922
539,1.06731,-13.0813
540,1.05413,-10.3148
541,1.04584,-10.2393
542,1.04563,-12.0153
543,1.04299,-12.6676
544,1.05166,-5.11993
545,1.05202,4.13093
546,1.08095,-19.5053
547,1.0521,4.11734
548,1.02157,-6.82371
549,1.04829,-11.4973
550,1.02826,-7.47198
551,1.04141,-4.78897
552,1.02375,-8.26136
2679,1.02026,-7.97815
553,1.02541,-4.79185
554,1.03095,-7.79148
555,1.04306,-0.263418
556,1.04945,-2.8653
557,1.00557,-2.13537
558,1.05555,-1.75904
559,1.05113,0.859129
560,1.07343,-2.37678
561,1.08545,-13.9001
562,1.0804,-0.795761
563,1.0072,-2.36553
564,1.03419,-9.3037
565,1.0739,-8.16575
566,1.04115,-2.32025
567,1.07172,-0.385587
568,1.07026,-2.17876
569,1.03756,-1.65323
570,1.064,-0.561309
571,1.06825,-3.30546
572,1.03022,3.65931
573,1.07587,-16.2869
574,1.05614,-1.38126
575,1.01258,1.00566
576,1.00301,-13.7359
577,0.995064,-12.1254
578,1.05829,-9.72078
579,1.0743,-12.2818
580,1.07515,-4.88825
581,1.07318,-1.68235
582,0.946307,1.58315
2680,1.09206,4.77084
2977,1.09942,7.25544
2978,0.945303,0.902967
583,1.07117,1.58326
2681,1.07004,0.903073
584,1.07553,-8.91239
585,1.02451,-5.38487
586,1.07985,-4.89384
587,1.09011,-2.83525
588,1.07768,-10.3986
589,1.07582,-6.74418
590,1.01794,-6.2159
591,1.07696,-11.4544
592,1.07697,-6.8464
593,1.07242,-2.31949
594,1.04192,-20.7745
595,1.05246,-4.63377
596,1.07594,-1.94308
597,1.01732,-5.45943
2682,1.01778,-5.27255
598,1.06487,-0.773274
599,1.03265,-6.61275
600,1.07181,-9.11665
601,1.03053,4.38346
2683,1.03053,4.38346
602,1.03078,4.23887
2684,1.03052,4.38346
603,1.07924,-19.2196
604,1.01913,-3.80873
605,1.03503,-1.21033
606,1.03471,2.75779
607,1.01429,-6.02349
608,1.06376,-1.809
609,1.00233,3.1065
610,1.03466,-13.4005
611,0.986865,-4.27447
2968,0.917619,-3.96596
612,1.04413,-3.85778
613,1.05079,-2.15839
614,1.05875,-5.87984
2685,1.06,-5.11212
615,1.07615,-1.5093
616,1.02306,-8.18203
617,1.03207,-4.9157
618,1.03952,-12.9192
619,1.04443,-21.367
620,1.00685,-13.984
621,1.06112,-13.4904
622,1.02469,-6.73523
2686,1.01498,-7.06989
623,1.02217,-4.55165
624,0.913606,-3.78339
625,1.07524,-1.78123
2687,1.0751,-1.80273
626,1.052,-1.9772
627,1.0313,-6.26133
628,1.06346,-17.9211
629,1.0807,-14.247
630,1.02684,-22.7295
631,1.05488,-2.22845
632,1.0394,-15.564
633,1.04484,-12.7361
634,1.07078,-0.70023
635,1.04216,-11.0314
636,1.0731,-2.18708
637,1.05782,-3.6943
638,1.0339,-7.50188
639,1.03114,-3.88154
640,1.03805,-1.44912
641,1.03654,-7.00247
642,1.03317,-10.9084
643,1.05501,-13.3965
644,1.07582,-9.7849
645,1.08933,5.71413
2688,1.08933,5.71437
646,1.07793,3.42998
2689,1.07801,3.44277
647,1.04456,-10.0679
648,0.949725,-7.34747
649,1.03181,-6.17982
650,1.05218,-6.01432
2690,1.05217,-6.01385
2691,1.05221,-6.01389
2692,1.05219,-6.01366
651,1.0522,-6.00995
652,1.06786,-0.727187
653,1.05327,-5.59211
2693,1.05357,-5.58637
654,1.0719,-11.8437
655,1.0387,-14.6298
656,1.07372,-8.86821
657,1.02266,-6.77852
658,1.04162,-11.563
659,1.03377,-4.57058
2694,1.03378,-4.57061
660,1.06718,0.432471
2695,1.06722,0.388098
661,1.03381,-4.57092
662,1.00462,-3.01972
2696,1.00462,-3.01972
2697,1.01529,2.95443
663,1.03371,-4.56583
2698,1.03371,-4.56583
2699,1.03371,-4.54558
664,1.03722,-9.3089
2700,1.02973,-9.04635
665,1.07468,-8.05655
666,0.972485,-9.47993
667,1.01804,-11.5472
668,1.03406,-2.93073
669,1.04879,-11.0046
670,1.08019,7.23055
2701,1.08103,7.23805
2702,1.08084,5.05679
2703,1.08074,5.05709
671,1.07464,-1.95425
672,1.02171,-6.59368
673,1.05192,-4.81853
674,1.0786,-12.314
675,1.06929,-6.64672
676,1.03043,-3.87657
677,1.08181,-11.6142
678,1.05202,-14.7222
679,1.05588,-12.6556
680,1.02367,-9.20773
681,1.06377,-5.22081
2704,1.06391,-5.20456
682,1.04814,-5.73568
683,1.01791,-1.89165
684,1.02989,-4.93483
685,1.0443,-12.4889
686,1.06847,-10.4114
687,1.06581,-0.720792
688,1.03732,-4.6807
689,1.06915,-1.82436
690,1.03871,-14.5675
691,1.05913,-22.7343
692,1.0742,-17.8952
693,1.03306,-2.0588
694,1.06279,-4.80498
2705,1.06328,-4.75647
695,1.04945,-1.93346
696,1.05388,-13.2662
697,1.04532,-18.5852
698,1.01839,-7.1774
2706,1.0182,-7.19261
699,1.02165,-23.4466
700,1.00837,-11.0211
701,1.02243,-3.45927
702,1.00251,-11.109
703,1.04252,-10.9046
704,1.0475,-6.4391
705,1.07852,-0.267285
706,1.03419,-9.30367
707,1.03057,-3.95987
2707,1.05444,-4.29378
708,1.02765,-4.51847
709,1.04701,1.83047
2708,1.04831,-0.590155
2709,1.04831,-0.590155
2710,1.04831,-0.590155
710,1.03927,-1.19019
2711,1.03927,-1.19019
2712,1.03926,-1.17812
2713,1.03927,-1.19019
711,1.03923,-1.1932
712,1.03338,-7.27429
713,1.025,-3.70183
714,1.01971,-10.8396
715,1.05811,-8.77217
716,1.03938,-6.78667
717,1.03957,0.576427
718,1.04799,-11.5423
2714,1.04557,-12.0193
719,1.05072,-17.5568
720,1.08244,-14.8198
721,1.04519,-12.0305
722,1.04472,-13.9905
723,1.01309,-8.89558
724,1.0479,-5.44817
725,1.03189,-5.08562
726,1.04043,2.19922
727,1.00708,-12.9651
728,1.06159,-12.8137
729,1.07115,-11.3651
730,1.01833,5.95919
731,1.02429,-3.27409
2715,1.02557,-3.11445
2716,1.02557,-3.11445
732,1.04617,-12.265
733,1.07313,-2.18519
734,1.07555,-0.291369
735,1.0284,-4.61109
736,1.03331,-5.64736
738,1.03611,-2.8383
2717,1.03548,-4.25791
739,1.05115,-0.886167
740,1.00625,-7.57763
741,1.0445,1.42168
2718,1.04383,0.254164
2719,1.04383,0.254164
2720,1.0445,1.42168
2721,1.0445,1.42168
2947,1.0473,0.250164
742,1.0472,-0.0262383
2722,1.0472,-0.0262383
2723,1.0472,-0.0262383
2724,1.0472,-0.0381194
2725,1.0472,-0.0381194
2726,1.04724,-0.0381226
743,1.04723,-0.041094
744,0.996761,-1.13876
745,1.03034,-7.45767
2727,1.03131,-7.47811
746,1.01972,-4.24422
747,1.03453,0.75185
748,1.07615,-13.9345
749,0.895298,-2.10413
750,1.03432,-1.59424
751,1.03447,-9.3009
752,1.03134,-6.25627
2728,1.05179,-5.1089
753,1.02601,-10.0899
754,1.0472,-8.1327
755,1.04591,-4.18102
756,1.07566,-6.56171
2729,1.07549,-6.70092
757,1.02751,-4.80591
758,1.05118,-5.05022
759,1.03054,-12.2295
760,1.03392,-22.3517
761,1.0283,-4.29455
762,1.02745,-14.0937
763,1.06224,-12.6635
764,1.04495,-12.1234
765,1.05986,-4.63386
766,1.08971,-16.4347
767,1.07396,-8.09772
768,1.04746,-1.0267
769,1.03274,-5.211
770,1.07351,-7.26008
771,1.06871,-4.28907
772,1.02574,-21.5427
2730,1.02581,-21.5048
2731,1.02529,-21.5832
773,1.03789,-13.5893
774,1.06819,2.3849
2732,1.0682,2.38087
2733,1.0682,2.38241
2734,1.06824,1.96546
2735,1.07098,1.91072
2736,1.07097,1.91012
775,1.02954,-1.92305
776,0.998508,-3.43666
777,1.03956,1.55583
2737,1.03922,1.54477
778,1.07986,-11.8612
779,1.04336,-3.98582
2738,1.04322,-3.89747
782,1.04045,-6.66837
783,1.05314,-4.58744
784,0.977703,-2.64447
785,1.02831,-2.30657
786,1.04304,-0.718829
787,1.02396,-21.7222
788,1.071,-1.80543
2739,1.0682,-3.29417
789,1.06313,-1.74566
790,1.08265,-4.85474
791,1.03222,-6.0145
792,1.02232,-1.97723
793,1.00434,-7.68805
794,0.975527,-4.08981
795,1.00272,-14.598
796,1.07785,-12.9032
797,1.03431,-1.60108
2740,1.03429,-1.60117
2741,1.03431,-1.6028
798,1.07157,-0.383262
799,1.07026,-0.321186
800,0.954889,-5.86545
801,1.01689,-3.89231
802,1.05893,-1.15951
2742,1.06406,-0.525483
803,1.08029,-0.811303
804,1.0559,-1.761
2743,1.05784,-1.7786
805,1.04078,-12.4136
806,1.01773,-4.27443
807,1.03052,-1.6305
808,1.03335,1.01264
809,1.0411,-14.8767
810,1.08007,-0.0254606
811,1.08282,-4.71869
812,1.06553,-0.714208
813,1.01926,-5.05226
2744,1.01896,-5.11665
2745,1.01894,-5.09764
814,1.03444,-1.40585
2746,1.03406,-1.40055
815,1.05167,-4.85431
816,1.07508,-2.67854
2747,1.07508,-2.6817
818,1.04803,-5.42331
819,0.892513,-2.46634
820,0.997274,-7.30314
821,1.00686,-0.29034
822,1.07978,-0.0168639
823,1.0806,2.04228
824,1.07978,-0.0166706
2748,1.07978,-0.0166766
825,1.08062,2.05852
826,1.03908,-9.70374
827,1.07538,-2.54215
828,1.06302,-4.46766
2749,1.06322,-4.51445
829,1.01366,-3.66886
830,1.04649,-1.13687
831,1.06774,-1.21513
832,1.03594,-5.55376
833,1.06432,-1.63239
834,1.07019,-0.440791
835,0.919463,-17.0858
836,1.04949,-17.0854
837,1.08632,2.48961
838,1.08047,-15.5464
839,1.09238,-17.171
840,1.05638,-18.436
841,1.08248,-15.0771
842,1.06178,-3.61012
843,1.08067,0.0408286
2750,1.08062,0.0473854
844,1.01072,-2.56841
845,1.02299,-1.95863
846,1.08692,3.51576
847,1.06125,-21.2157
848,1.07519,-2.64455
849,1.00808,-7.49018
850,1.01379,2.61428
2751,1.013,1.06659
851,1.07089,-1.81185
852,0.997903,-19.4441
853,1.05936,-15.657
854,1.07498,-11.4029
855,1.03502,-6.66951
856,1.02747,-4.44731
857,1.03541,-3.59479
858,1.01796,-3.14969
859,1.03606,-4.79702
860,1.00254,-18.9886
861,1.0724,-20.0822
862,1.0296,-4.16391
863,1.03395,-2.92796
864,1.0738,-16.2538
865,1.00824,-2.98592
866,1.06076,-18.4711
867,1.04891,-10.0981
868,1.03865,-15.4655
869,1.04785,-5.4359
2752,1.04796,-5.44077
870,1.04716,-4.13371
871,1.03822,-14.249
872,1.02902,-9.05846
2753,1.03707,-9.37836
873,1.05328,-10.676
2754,1.0548,-10.2532
874,1.0722,-7.07396
875,1.06755,-1.62818
876,1.03824,-11.7376
877,1.03198,-7.97608
878,1.02475,-5.1706
2755,1.03445,-5.36921
879,1.03953,-2.80456
880,1.0671,-4.39248
881,1.07298,-2.8466
2756,1.07293,-2.87115
882,1.08946,-16.4779
883,0.997455,-3.87141
2757,0.997455,-3.87141
2758,0.999018,-1.88476
2759,0.999007,-1.88395
2760,0.998584,-2.29783
2761,0.997455,-3.87141
884,1.03445,-4.4101
2762,1.03445,-4.4101
2763,1.03445,-4.39793
2764,1.03445,-4.40047
2765,1.03445,-4.4101
2766,1.03444,-4.39718
885,1.03469,-4.41316
886,1.03847,-14.2553
887,1.00808,-7.49018
889,1.03763,-4.33418
2767,1.03763,-4.33441
890,1.01209,-8.62093
891,1.02144,-12.6787
892,1.06397,-5.12918
2768,1.06396,-5.12914
893,1.03281,-5.23236
894,1.07367,-12.419
2769,1.07352,-12.3423
895,1.08812,3.28615
896,1.05632,0.682689
897,1.04174,-5.24765
2770,1.04167,-5.19565
898,1.00468,-8.0014
899,1.05543,-4.57105
900,1.08917,-16.5001
901,1.0703,-16.0141
902,1.04765,-5.46362
903,1.05181,-16.4801
904,1.07629,-1.20009
905,1.04069,-8.96666
906,1.02778,-4.82777
908,1.05482,-4.13097
909,1.05836,-4.2046
910,1.07212,-0.690166
911,1.07414,-5.81544
912,1.08842,-0.495093
913,1.03914,-13.156
914,1.04107,-13.7318
915,1.04829,-11.6405
2772,1.04784,-11.6551
916,1.01317,-8.0244
917,1.0254,-10.6882
918,1.04384,-13.0298
919,1.06857,-9.6807
920,1.05386,-22.9606
921,1.04822,-11.6117
922,1.0747,-8.23099
923,1.04573,-7.14366
924,0.954858,-5.87371
925,1.04238,-11.6932
926,1.07126,-14.7764
927,1.09297,-18.2553
928,1.07687,-13.0461
929,1.07472,-10.1801
930,1.07245,-2.32123
2773,1.07242,-2.32273
931,1.0741,-2.03584
932,1.0642,-5.15101
2774,1.06413,-5.15498
2775,1.06418,-5.15215
933,1.03937,-6.98342
934,1.0633,-18.0475
935,1.04158,-3.8309
936,1.06216,-3.55241
937,1.02366,-6.74362
938,1.02444,-6.61982
939,1.02686,-3.30636
940,1.04273,-11.5765
941,1.0345,-7.63944
942,1.04171,-21.1119
943,1.03113,-17.702
944,1.07941,-19.1629
945,1.03498,-7.30184
946,1.02736,-2.88587
947,1.06035,-13.3028
948,1.04239,-13.365
949,1.07002,-1.82126
950,1.0707,0.272838
951,1.04276,-3.603
952,1.04787,-5.50138
953,0.922831,-3.70348
954,1.03826,-4.94942
955,1.01366,-3.66886
956,1.06345,-1.88463
957,1.07679,3.6422
958,1.00885,-8.28785
959,1.07381,-13.157
960,1.02422,-7.56253
961,1.08795,-3.22425
2776,1.08807,-3.22372
962,1.04738,-14.4301
963,1.0213,-21.8502
964,1.02206,-0.954979
965,1.0875,1.67817
966,1.03672,-4.91516
967,1.03241,-13.8853
968,1.03211,-13.8797
969,1.08923,-16.2744
970,1.08934,-16.2586
971,1.02776,-5.78892
972,1.06918,-3.94133
973,1.07225,-2.57081
974,0.975612,-9.31146
975,1.0241,-3.27007
976,1.00807,-7.4899
977,1.02075,-5.02021
978,1.091,-16.3561
979,1.08946,-16.3942
980,1.04438,-13.7566
981,1.03447,-3.24189
982,1.03423,-1.59012
984,1.02943,-12.7754
985,1.05177,-4.84618
986,1.03644,-4.99907
987,1.02789,-4.4839
988,1.04283,-12.8929
2778,1.04271,-12.8985
989,1.03347,-10.1639
990,1.04186,-3.8766
991,1.01462,-4.54436
992,1.02162,-5.61745
2779,1.03404,-5.93566
993,1.02838,-2.70342
994,1.04456,-12.4048
995,1.03122,-12.475
996,1.06715,-8.1472
997,0.912116,-7.94861
998,1.03194,-8.12415
999,1.07106,-1.33525
1000,1.05939,-1.14384
1001,1.05264,-0.0603367
1002,1.07645,-1.89183
1003,1.06839,-8.26552
1004,1.01042,-0.587175
1005,1.05311,-0.250878
1006,1.02169,-8.89338
1007,1.03746,-4.67197
1008,1.0254,-7.07504
1009,1.03718,-5.6485
1010,1.00594,-7.14481
1011,1.05427,-0.942771
1012,1.077,1.32706
1013,0.914796,-2.92838
1014,1.03765,-2.77038
1015,1.04445,0.540003
1016,1.02255,-5.37015
1017,1.02128,-2.96307
1018,1.06045,0.0152705
1019,1.09448,-17.8246
1020,1.08539,-16.4806
1021,1.02254,-13.4834
2948,1.07269,-12.8496
1022,1.07414,-12.2489
1023,1.08143,-10.1487
2780,1.08817,-9.10108
1024,1.08356,-12.6994
1025,1.03787,-7.44056
1026,1.0392,-4.06679
2781,1.04985,-4.89076
1027,1.07049,-0.342772
1028,1.0795,0.252158
1029,0.987903,-4.63401
1030,1.01904,-0.322146
2782,1.00692,-0.289391
1031,1.07237,-0.249674
1032,1.07468,-8.46144
1033,1.04002,-14.3674
1034,1.03445,-5.88413
1035,1.0225,-10.7383
1036,1.082,4.58262
2783,1.08194,4.64804
1037,1.03605,-14.1935
1038,1.07616,-9.76424
1039,1.03502,-6.66951
1040,1.02746,-4.44808
1041,1.07057,-2.47269
1042,1.13583,1.65002
1043,1.08519,1.94903
1044,1.07368,3.64874
1045,1.04303,-12.8829
1046,1.06309,-7.1707
1047,1.04631,-10.1922
1048,1.03057,-22.3791
1049,1.07442,-19.5091
1050,1.08015,5.06178
1051,1.04795,-5.46722
2784,1.0639,-5.24339
1052,1.03244,-1.80602
1053,1.05015,-16.9949
1054,1.0372,-9.31043
1055,1.07623,-11.3338
1056,0.98018,-4.1259
1057,1.03085,-9.3122
1058,1.04045,-2.26974
1059,1.00773,-6.94019
1060,1.02925,-4.19201
1061,1.03381,-12.1918
1062,1.01096,-7.89681
1063,1.02966,-4.84684
1064,1.04017,-1.57103
1066,1.06404,-2.9043
1067,1.06037,1.21205
1068,1.02185,-6.88252
1069,1.07453,-14.9034
1070,1.09015,-16.138
1071,1.09213,-17.1112
1072,1.09253,-15.8708
1073,1.02934,-13.4701
1074,1.03362,-2.33801
1075,1.02508,-3.84894
1076,1.03848,-1.19609
2785,1.03601,-1.60465
2786,1.03173,-1.73023
1077,1.03386,1.65684
1078,1.04199,-10.5314
1079,1.04199,-10.5313
1080,1.04964,-13.2437
1081,1.02349,-4.9349
1082,1.05854,-11.5898
1083,1.08791,1.61048
2787,1.08807,1.62123
1084,1.05556,-5.11676
1085,1.03025,-4.16381
2788,1.03459,-4.26862
1086,1.03742,-2.07289
1087,1.04077,-5.52297
1088,1.03405,-9.31078
2789,1.03405,-9.31083
1089,1.03754,-4.6877
1090,1.09237,-2.47443
1091,1.05387,-1.17089
2790,1.05364,-1.16796
1092,1.04056,-10.7035
1093,1.01477,-8.69005
1094,1.0884,-16.4149
1095,1.04215,-5.10038
2791,1.03366,-3.48836
1096,0.981987,-4.20105
3001,0.991204,-6.02117
1097,1.03365,-3.48718
2792,1.04215,-5.09889
2793,1.0377,-5.76214
1098,1.05557,-1.70137
1099,1.06058,-13.3543
1100,1.00713,-6.25748
1101,1.06273,-4.813
1102,1.03952,-9.6826
1103,1.06509,-6.73316
1104,0.975527,-4.08981
1105,0.980371,-4.01381
2795,0.974552,-4.08981
1106,1.03613,-1.60533
2796,1.02997,-2.13099
1107,1.0332,-22.5338
1108,1.08421,-19.7143
1109,1.08196,-24.833
1110,1.06001,-7.45264
1111,1.04788,-5.4209
1112,1.08923,3.18017
1113,1.093,4.12171
1114,1.00625,-7.57763
1115,1.037,-4.16307
1116,1.03957,-11.8293
1117,1.06349,-17.9221
1118,1.00049,-11.587
2951,1.00005,-11.5019
1119,1.08135,-10.4417
1120,1.08558,-7.17599
1121,1.05373,-11.3938
1122,1.01485,-7.95487
1123,1.04952,-10.7882
1124,1.00951,-5.45568
1125,1.07218,-2.27254
1126,1.03082,-7.29252
1127,1.01026,-8.43722
1128,1.0485,-1.3913
2798,1.04864,-1.27775
1129,1.02674,-3.14531
1130,1.02661,-3.12477
2799,1.02662,-3.13774
1131,1.07832,-11.7731
1132,1.03999,-4.00977
2800,1.03989,-4.01715
1133,1.01271,-10.1191
1134,1.03325,-3.32541
1135,1.0165,-5.13602
1136,1.00223,-12.2443
1137,1.01724,-4.67561
1138,1.08794,3.35421
1139,1.03741,-14.322
1140,1.04673,-13.1837
1141,1.06577,-10.7958
1142,0.98806,-7.19622
1143,1.03006,-5.57251
1144,0.912705,-3.18869
1145,1.03029,-2.84769
1146,1.06384,-5.26725
1147,1.06745,0.373641
1148,1.02474,-3.23689
2801,1.02478,-3.86699
1149,1.06271,-3.38838
1150,1.05296,-2.13721
1151,1.03973,6.87844
2802,1.03973,6.87844
2803,1.02879,1.22801
2969,1.03973,6.87844
1152,1.05302,-0.227702
2804,1.05302,-0.227702
2805,1.05302,-0.246224
2970,1.05302,-0.227702
1153,1.01144,-6.34987
1154,1.01647,-8.14457
1155,1.0715,-20.4192
1156,0.98898,-18.7413
1157,1.02619,-13.1326
1158,1.0364,-1.10246
1159,1.07573,-2.58735
2806,1.07527,-2.59723
1160,1.08764,3.07496
1161,1.05419,-10.3092
1162,1.05377,-4.28701
1163,1.05377,-4.28675
1164,1.06927,-19.9457
1165,1.0417,-10.3703
1166,1.07551,-8.02474
1167,1.02979,-5.76002
1168,1.07202,0.289471
2807,1.07408,0.203079
1169,1.01813,-5.2127
1170,1.0218,-7.05989
1171,1.06396,-5.12891
1172,1.0991,-18.3302
1173,1.05207,-5.08116
2808,1.02791,-4.51097
1174,1.00572,-7.87779
1175,1.04119,-1.90958
1176,1.01531,-16.4683
1178,1.08116,-14.295
1179,1.07568,-12.818
1180,0.98146,-6.86001
1181,1.03738,-6.78825
1182,1.04827,-5.71231
2809,1.04828,-5.71224
1183,1.06979,-8.42614
1184,1.04412,-12.244
1185,1.07649,-9.46614
2810,1.07434,-8.74957
1186,1.07289,-2.83003
1187,1.05215,-4.75331
2811,1.02777,-4.42587
1188,1.09027,-16.1575
1189,1.06244,-3.37562
1190,1.0518,-6.08875
1191,0.998157,-14.5027
1192,0.955123,-5.89487
1193,1.08622,2.48926
1194,1.02903,-4.29275
2812,1.02902,-4.29474
2813,1.02905,-4.29254
1195,1.0645,-0.00218364
1197,1.01442,2.7746
1198,1.04404,-11.4486
1199,1.06854,-9.43727
1200,1.06427,-7.24096
1201,1.01954,-9.21292
1202,1.05669,-5.50677
1203,1.01839,-2.24329
1204,1.02076,-16.0202
1205,1.05152,-5.07002
1206,1.07115,-2.29209
1207,1.04809,-5.73745
1208,1.03276,-3.97011
1209,1.03497,-4.57642
1210,1.0064,-3.10595
1211,1.03487,-4.57184
2814,1.03497,-4.57642
1212,0.980288,-4.03032
1213,1.03052,-2.0992
1214,1.08946,3.45761
1215,1.03276,-7.98824
1216,1.03262,-8.13103
1217,1.04978,-17.6358
1218,1.06693,-15.265
1219,1.03041,-9.02688
1220,0.991762,-8.29852
1221,1.01536,-7.53226
1222,1.07687,6.71233
2815,1.07785,4.44297
2816,1.07569,4.34457
2817,1.0768,6.71731
1223,1.04552,-11.8754
2818,1.02861,-11.3538
1224,1.07536,-8.57935
1225,1.06564,-13.0615
2819,1.06841,-12.9454
1226,1.01991,-3.53125
2820,1.02295,-3.73908
1227,1.03905,-1.97555
1228,1.05126,-6.19714
1229,1.03232,-11.2988
1230,1.01663,-5.05759
1231,1.0404,-13.7138
1232,1.06169,-3.85474
1233,1.04907,-1.42727
1234,1.03545,-5.90635
1235,1.03377,-22.6902
1236,1.0433,-14.8561
1237,1.06038,-12.9039
1238,1.08259,4.51178
1239,1.06669,-1.21934
1240,1.07799,4.66935
1241,1.07805,4.73664
2821,1.07797,4.89375
1242,1.05109,-14.4521
1243,1.03355,-4.23146
1244,1.06726,-1.98079
1245,0.917005,-3.39225
1246,1.02998,-2.1569
1247,1.06423,-5.14926
1248,1.05114,-5.21229
1249,1.06001,-4.13452
1250,1.02185,-13.7581
1251,1.08332,-12.4203
1252,1.02213,-21.7253
1253,1.06597,-10.9497
1254,1.03286,-6.415
1255,1.04074,-15.5441
1256,1.06534,-5.76935
1257,1.03534,-6.69095
1258,1.05349,-11.1343
1259,1.06685,-0.661258
1260,1.03403,-23.8174
1261,1.04808,-11.6167
1262,1.01786,-9.09754
1263,1.0063,-7.13499
1264,1.02912,-4.28579
1265,0.989671,-7.48256
1266,1.01304,-8.92701
1267,1.07132,-4.4778
1268,1.04212,-4.00996
1269,1.004,-5.88536
1270,1.00817,-7.4254
1271,1.0754,-8.03848
1272,1.02972,-5.78504
1273,1.06001,1.50604
2822,1.06001,1.50604
2823,1.06,1.50992
2824,1.05996,1.52245
1274,1.06387,-3.12517
1275,1.01042,-7.09007
1276,1.0892,-16.292
1277,1.04504,-9.90951
1278,1.00892,-8.28695
1279,1.08308,-15.4664
2825,1.07582,-16.2926
1280,1.0132,-6.42666
1281,1.0345,-5.2489
1282,1.01059,-8.14346
1283,1.0796,-4.86726
2826,1.0799,-4.86283
1284,1.04629,-3.16436
1285,1.0267,-4.88872
1286,1.04962,-5.4363
1287,1.06762,-5.53137
1288,1.00728,-8.75645
1289,1.0756,-8.55204
2827,1.07536,-8.57535
1290,1.03629,-4.64303
1291,1.07223,-2.57058
1292,1.0386,-1.07666
1293,1.03117,-9.28027
1294,1.01854,-4.21465
1295,1.07884,-5.94519
1296,1.0408,-9.92949
1297,1.05766,-23.0418
1298,1.06086,-3.69847
1299,1.04593,-7.52246
1300,1.0639,-5.19661
2828,1.06392,-5.19672
1301,1.06392,-5.19396
1302,1.01652,-8.33076
1303,1.02381,-4.185
1304,1.04794,-5.73546
1305,1.01838,-2.24327
1306,1.0303,3.65255
2829,1.02994,1.81267
1307,1.05731,-18.6565
1308,1.01075,-2.56922
1309,1.04208,-3.73072
1310,0.98938,-7.4643
1311,1.03518,-5.20052
1312,1.05727,-11.0715
1313,1.07515,-8.35184
1314,1.09015,-16.058
1315,1.03521,-5.60761
1316,1.06892,-13.2199
1317,1.01042,-0.57606
1318,1.03435,4.04147
1319,1.03847,-1.10652
1320,1.02935,-2.82333
1321,1.03476,-7.38912
1322,1.00324,-6.01687
2971,0.990305,-5.92805
1323,1.05136,-5.03164
2830,1.06297,-3.18565
2831,1.05437,-5.00972
1324,1.0634,-1.42927
2832,1.06143,-1.64852
1325,1.02581,-21.5037
1326,1.08303,-19.4789
1327,1.04216,-15.3993
1328,1.07883,-9.74333
1329,1.08416,-6.1534
1330,1.0283,-4.29453
1331,1.02729,-22.6471
2833,1.02754,-22.6655
1332,1.07687,-0.95558
1333,1.05221,-4.78964
1334,1.04262,-13.3712
1335,1.03152,-6.04735
1336,1.07528,-2.63764
1337,0.96736,-9.12514
1338,1.04999,-10.0336
1339,1.06558,-7.52805
1340,1.04076,-0.938472
1341,1.03302,-10.4714
1342,1.03076,-7.80716
1343,1.03044,-7.80344
1344,1.07521,2.90915
1345,1.08111,-11.2749
1346,1.00739,-6.66878
1347,1.04186,-6.52572
1348,1.07359,-0.0372886
1349,1.02637,-4.80137
1350,1.07948,-0.192275
1351,1.06684,-15.2502
1352,0.974173,-4.33874
1353,1.065,-10.7178
1354,1.03612,-22.4272
1355,0.98622,-7.55943
1356,1.04765,-3.45145
1357,1.02395,-3.2992
1358,1.07079,-0.764549
1359,1.03042,-9.04249
1360,1.0297,-5.27475
1361,1.07256,-10.1041
1362,1.0676,-12.9301
1363,1.08778,-1.96615
1364,1.06427,-1.09607
1365,1.04454,-13.2134
1366,1.06777,-10.5224
1367,1.00153,-11.0654
1368,1.07635,-9.7287
1369,1.07293,-6.4645
2834,1.07288,-6.47061
2835,1.07287,-6.47081
1370,0.914249,-3.27377
1371,1.02689,-3.10508
1372,1.0195,-3.2056
1373,1.07558,-1.97475
1374,1.07285,-6.47219
2836,1.06937,-11.7483
1375,1.02539,-10.6878
1376,1.07324,-8.32593
1377,1.07851,-0.26499
1378,1.03174,-15.1046
1379,1.07509,-8.96262
1380,1.07181,-8.50457
1381,1.02383,-8.26332
1382,1.07676,-7.75068
1383,1.07411,-0.846724
1384,1.048,-1.3215
1385,1.07397,-8.16702
1386,1.06492,3.1911
1387,1.07063,0.389613
1388,1.03473,-10.3174
2837,1.01336,-9.6401
2838,1.00931,-9.86456
1389,1.07456,-8.23648
2839,1.07468,-8.23182
2840,1.07469,-8.23694
1390,1.04877,-1.3945
1391,1.05422,0.923265
1392,1,3.45781
2841,1.00244,2.92344
1393,1.0766,-5.62847
2842,1.0766,-5.62847
2843,1.0764,-5.65884
1394,1.07643,-5.65342
2844,1.0766,-5.62847
1395,1.0328,-11.7576
1396,1.02711,-8.70492
1397,1.03374,-7.90045
1398,1.05914,-15.4968
1399,1.04852,-5.65537
2845,1.04848,-5.66263
1400,1.07326,3.66189
2846,1.07322,3.70259
2847,1.07325,3.66214
2848,1.07321,3.66225
1401,1.06708,0.468557
1402,1.09331,2.37597
1403,1.05397,-0.647316
1404,1.04967,-0.0733534
1405,1.04016,1.36029
2849,1.04016,1.36029
2850,1.04016,1.36029
1406,1.04963,-0.0686958
2851,1.04963,-0.0686958
2852,1.04963,-0.0686958
1407,1.06663,-3.84924
1408,1.04288,-5.23694
2853,1.0431,-5.22899
1409,1.08987,3.40992
1410,1.07469,-8.05141
1411,1.01423,-4.18882
1412,0.997476,-4.28557
1413,1.00958,-2.42656
1414,1.02595,-3.06692
1415,1.07842,-19.4567
1416,1.02916,-4.98012
1417,1.06188,-16.5979
1418,1.06409,-5.55518
2854,1.05307,-5.11551
1419,1.0335,-2.95058
1420,0.988497,-4.55068
1421,1.04999,-4.86698
2855,1.03913,-4.33516
1422,1.07357,-8.16104
1423,1.02935,-4.82863
1424,1.01262,-4.8769
1425,1.04906,-17.3454
1426,1.07851,-0.266314
1427,1.04259,-10.9618
1428,1.06962,-9.09883
1429,1.0524,-4.54724
1430,1.00442,-5.84557
1431,1.02778,-4.42601
2856,1.05219,-4.75001
1432,1.04445,-9.94877
1433,1.04271,-1.75292
1434,1.0744,-11.5189
1435,1.01977,-5.82896
1436,1.08038,0.608703
2857,1.07844,-1.05166
1437,1.07939,1.97763
1438,1.06491,-6.73082
1439,1.07524,-10.3788
1440,1.07157,-11.2613
1441,1.05321,-11.7955
1442,1.02388,-12.3805
1443,1.04376,-3.25209
1444,1.07531,-2.62009
2858,1.0753,-2.62418
1445,1.05891,-4.26942
1446,1.06583,-0.773016
1447,1.01888,-15.8803
1448,1.04198,-16.5084
1449,1.03562,-11.142
1450,1.06795,-8.24221
1451,1.06402,-5.1555
2859,1.06389,-5.1539
1452,0.942662,-5.56389
1453,1.03893,-6.97599
1454,1.03232,-5.30888
1455,1.03112,-3.5402
1456,1.03955,-13.5568
1457,1.0311,-3.88086
1458,1.0284,-2.51922
1459,1.0371,-0.0569736
1460,1.06431,-1.63734
1461,1.05154,-5.06854
2860,1.03101,-6.28356
1462,1.06678,-4.07105
1463,1.05168,-5.08485
2861,1.05179,-5.07966
1464,1.04855,-5.24331
2862,1.0488,-5.29626
1465,1.03875,-1.29882
1466,1.00015,-3.56607
2863,1.0212,-4.32475
1467,1.02984,-6.10488
1468,1.02382,-3.68765
1469,1.0124,-9.38143
1470,1.08365,4.22791
1471,1.07907,-0.455791
1472,1.03088,-7.78762
1473,1.06631,-20.4284
1474,0.993671,-9.02197
1475,1.02946,-21.6529
1476,1.00909,-9.13971
1477,1.06113,-6.47292
1478,1.0438,-10.2841
2864,1.03843,-10.3938
1479,1.06797,-8.2424
1480,1.04908,-5.69429
1481,1.07786,-0.65165
1482,1.0428,-12.9671
1483,1.07813,-14.8494
1484,1.02377,-7.34282
1485,1.03359,-5.09503
1486,1.01345,-8.00923
1487,1.07273,2.2904
1488,1.03178,-5.2872
1489,1.0474,-3.45646
1490,1.02285,-3.44345
1491,1.08625,-11.9226
1492,1.08479,-10.0657
1493,0.891023,-2.68031
1494,1.06656,1.99004
1495,1.00808,-7.49007
1496,1.05869,-6.12205
1497,1.07621,-9.31677
1498,1.066,-10.9367
1499,0.910244,-3.18712
1500,1.01721,-2.8426
1501,0.99951,-5.68474
1502,1.04998,-5.07541
2865,1.05429,-4.26077
1503,1.05804,-2.0829
1504,1.03715,-8.10115
1505,1.03885,-1.0692
1506,1.04009,-9.52942
1507,1.03318,-13.5552
1508,1.0498,-5.34469
1509,1.03631,-7.10961
1511,1.05916,-0.279494
1512,1.07182,0.842167
1513,0.963719,-5.6309
2972,1.00363,-5.62828
1514,1.0485,-5.6549
1515,1.0378,-5.75669
1516,1.04005,-1.71113
1517,1.02844,-7.10176
1518,1.03647,-1.41237
1519,1.01754,-2.17982
1520,1.04233,-4.03015
1521,1.0461,-12.2159
1522,1.07597,-9.18609
1523,1.07221,-2.57599
2866,1.07212,-2.58947
1524,0.994625,-3.17989
1525,1.04684,-2.91812
1526,1.06056,-0.875724
1527,1.03955,-4.24057
1528,1.02996,-7.72967
1529,1.05243,-13.5693
1530,1.05245,-13.5677
1531,1.06718,-3.06743
1532,1.07635,1.83625
1533,1.0319,-12.155
1534,1.04734,-5.50303
1535,1.06155,-18.376
1536,1.00647,-21.6932
1537,0.945049,-5.24095
1538,1.03812,-4.46161
1539,1.06726,-1.00465
2867,1.06555,-1.92422
1540,1.04514,-20.2493
1541,1.04003,-1.31656
1542,1.07344,-12.3057
1543,1.04205,-7.19744
1544,1.05927,-5.82771
1545,1.03524,-2.60963
1546,1.03303,-14.3612
2868,1.03283,-14.3647
1547,1.04103,-17.8375
1548,1.03869,-14.0198
1549,1.04304,-5.2145
1550,1.03888,-10.6256
1551,1.06831,-2.00527
1552,1.03694,-21.0418
1553,1.07978,-12.5093
1554,1.08811,-16.264
1555,1.04082,-0.939719
1556,1.07508,-13.0438
1557,1.01208,-5.73617
1558,1.03403,4.11483
2869,1.03437,4.09453
1559,1.04389,-2.13972
2870,1.04271,-0.315846
1560,1.02573,-7.07879
1561,1.0254,-7.08534
2871,1.02573,-7.07879
1562,1.01801,-7.38078
1563,1.05928,-6.12029
2872,1.04033,-4.01007
1564,1.06511,-8.66902
1565,1.06219,-7.11704
1566,1.03977,-7.4118
1567,1.07793,3.42998
1568,1.08931,5.70797
1569,0.913867,-4.10017
1570,1.07193,-7.14351
1571,1.07193,-7.1366
1572,1.06734,-3.05835
1573,1.01466,-5.66251
1574,1.0708,-2.33574
2873,1.07108,-2.31511
1575,1.0728,-13.9047
1576,0.994453,-20.2778
1577,1.01545,-14.9282
2874,1.01662,-10.4934
1578,1.05287,-11.5437
2973,1.04961,-11.7439
1579,1.06995,-8.41652
1580,1.04444,-9.94838
1581,1.07116,-8.86861
1582,1.04703,-13.4117
1583,1.06476,-10.2618
1584,1.03203,-8.3276
1585,1.0261,-8.18499
1586,1.0385,-1.07056
1587,1.02761,-2.43228
2875,1.02478,-2.62075
1588,1.02828,-5.48622
1589,1.02604,-13.1359
1591,1.0166,-14.815
1592,1.04977,-18.6439
1594,1.04784,-17.8285
1595,1.04054,-17.426
1596,1.02297,-23.2334
2876,1.02364,-23.1719
1597,1.00844,-0.950007
1598,1.05727,-2.09921
1599,1.05777,0.151845
2877,1.05845,0.167832
1600,1.02333,-3.45311
1601,1.04201,0.537421
1602,1.04036,0.801074
1603,1.03199,3.02371
1604,1.03538,-11.5399
1605,1.06832,-8.06734
1606,1.02454,-3.2858
1607,1.07809,-21.2823
1608,1.04694,-4.57819
1609,1.03339,-7.55696
1610,1.03222,-7.73606
1611,1.0729,-7.43888
2878,1.07295,-7.57642
1612,0.97328,-4.03775
1613,1.02402,-5.26126
1614,1.03832,-1.12999
1615,1.00654,-6.74295
1616,1.08946,3.45765
2952,1.08638,3.58632
1617,0.922475,-3.73483
1618,1.07714,-6.79452
2879,1.07718,-6.79445
2880,1.07715,-6.79332
1619,1.07715,-6.78912
1620,1.08229,4.51404
1621,1.01784,-4.27627
2881,1.01676,-4.42325
1622,1.078,-5.35348
1623,1.07804,-5.33765
1624,1.03488,-13.5784
1625,1.04689,-25.351
1626,1.02626,-22.7774
1627,1.00397,-7.73668
1628,0.910168,-3.19804
1629,1.02322,-4.94754
1630,1.03703,-7.11372
1631,1.032,-6.11753
2882,1.04301,-5.24297
1632,1.01389,-9.42596
1633,1.05317,-3.94983
1634,1.08173,-5.02549
1635,1.08179,-5.00958
1636,1.06762,-14.9177
1637,1.04829,-5.7081
1638,1.03754,-4.6877
1639,1.04889,-10.1836
1640,1.01611,-2.36864
1641,1.03711,-25.0273
1642,1.03539,-22.467
1643,1.02142,-9.02368
1644,1.07374,-2.47516
2883,1.07373,-2.47588
1645,1.07966,-0.885054
1646,1.00548,-6.69622
1647,1.00811,-8.87152
1648,1.03071,-8.69515
1649,1.02048,-10.5865
1650,1.03055,-6.48889
1651,1.0451,-25.0778
1652,1.03491,-11.2017
1653,1.08031,-9.73048
1654,1.06872,-8.30911
1655,1.03222,-7.98873
1656,1.04385,-10.2302
1657,1.04259,-16.3954
1658,1.03019,-8.55939
2884,1.04783,-11.8757
1659,1.04662,-9.95415
1660,1.04203,-11.107
1661,1.0546,-12.8338
1662,1.0139,-5.06475
2885,1.00601,-3.63775
1663,1.03902,-2.16363
1664,1.02985,3.24646
2886,1.03271,2.49473
1665,1.08889,2.265
1666,1.04861,-0.538903
2887,1.04861,-0.538903
2888,1.04927,0.613033
2889,1.04861,-0.538903
1667,1.04341,-0.819713
2890,1.04341,-0.819713
2891,1.04341,-0.807894
2892,1.04341,-0.819713
1668,1.04336,-0.822664
1669,1.07216,2.50345
1670,1.05253,-21.3767
1671,1.0427,-10.3208
1672,1.00107,-11.2007
2893,1.00102,-11.1429
1673,1.08676,-5.54194
2894,1.08676,-5.54194
1674,1.04872,-5.54194
1675,1.01716,-8.14547
1676,1.01716,-8.14547
1677,1.02997,1.84793
1678,1.03381,-11.9061
1679,0.998605,-4.67685
1680,1.00519,-5.06595
1681,1.04191,-9.44921
1682,1.06756,-4.12958
1683,1.06034,-18.3814
1684,1.03368,-11.4381
1685,1.02836,-7.09972
1686,1.05953,-5.21793
1687,1.05352,-4.73659
1688,1.03445,1.30279
1689,1.03138,4.19503
1690,1.03909,-14.0336
1691,1.01247,-5.51259
1692,1.00518,-6.94011
1693,1.02777,-5.81105
1694,1.03624,-7.11109
1695,1.04179,-11.1481
1697,1.06863,-10.077
1698,1.06791,-7.96058
1699,1.0268,-3.96373
1700,1.0309,-16.4085
1701,1.0546,-16.6031
1702,1.08253,-24.8185
1703,1.04672,-10.2016
1704,1.01247,-8.11607
1705,1.03602,-7.67888
1706,1.0757,-19.9558
1707,1.08232,3.59686
1708,1.01905,-4.86579
1709,1.06594,-5.76873
2895,1.06658,-5.20272
1710,1.0653,-1.99819
1711,1.07444,-8.82096
1712,1.06955,-11.8526
1713,1.01371,-8.41133
1714,1.01371,-8.41125
1715,1.0483,-5.96595
1716,0.910056,-3.20877
1717,1.01769,-6.15556
1718,1.06412,-5.16739
1719,1.08238,3.21711
2896,1.0822,3.21741
1720,1.04993,-9.87162
1721,1.05102,-7.10986
1722,1.06562,-3.30907
1723,1.06701,-0.532613
2897,1.06739,-0.432134
1724,1.06789,-10.9769
1725,1.04848,-11.2066
1726,1.05101,-7.92526
1727,1.0707,-0.777731
1728,1.071,-7.00162
1729,1.04473,-10.0726
1730,1.03577,-5.04242
1731,1.00621,-4.20058
1732,1.07398,1.48954
2898,1.07359,1.49154
1733,1.05233,-5.88745
1734,1.0314,-6.24891
1735,1.07983,4.90422
1736,1.04796,-2.91296
2899,1.04634,-3.12952
1737,1.03917,-13.1568
1738,1.02966,-2.06418
1739,1.07644,-1.26944
1740,1.08201,1.75674
1741,0.960109,-3.00231
1742,1.00859,-7.13373
1743,1.0694,-14.3667
1744,1.04409,-20.51
1745,1.07643,-17.1708
1746,1.07736,-15.1106
1747,1.02534,-10.5739
1748,1.07721,-9.89357
1749,1.04316,-7.82755
1750,1.0317,-6.05232
1751,1.0347,-4.26682
1752,1.01536,-7.53224
2900,1.015,-7.52619
1753,1.01387,1.16111
2901,1.00241,3.61116
2902,0.999653,4.16305
2903,1.01602,3.15727
1754,1.03704,-7.11372
1755,1.0306,-12.8125
1756,1.07009,-0.373776
1757,1.07007,-0.373155
1758,1.03764,-4.33295
2904,1.01253,0.99721
2905,1.01311,2.43112
2906,1.00002,3.41561
2907,1.01218,0.943371
2908,1.01371,2.59322
2909,1.00253,2.71467
2910,1.0002,3.21015
2911,1.00239,2.89915
1759,1.06216,2.28446e-22
1760,1.03273,-7.98513
1761,1.09221,-15.9092
1762,1.08426,-13.7312
1763,1.0594,-1.14652
2912,1.05925,-1.15692
2913,1.0594,-1.14474
1764,1.04818,-5.73195
1765,1.06647,1.22378
1766,1.0388,-21.6488
1767,1.07884,-19.2401
1768,1.05517,-2.73529
1769,1.04113,-2.32578
1770,0.992743,-6.95078
1771,1.03199,-22.3299
1772,1.07845,-19.4207
1773,0.960109,-3.00231
1774,1.02129,-2.93985
1775,0.999838,3.68828
1776,1.03516,-11.1976
1777,1.02411,-13.1419
1778,1.03134,-3.38108
2915,1.05447,-3.95679
1779,1.04304,-0.277909
1780,1.00304,-16.1432
1781,1.0075,-18.5013
1782,1.04321,-16.2709
1783,1.01325,-9.18355
1784,1.02768,-23.0379
1785,1.05447,-4.39386
1786,1.04797,-4.18096
1787,1.03643,-1.81073
1788,1.01048,-7.08466
1789,1.0186,-4.91132
1790,1.07059,-0.70984
1791,1.0745,-3.942
1792,1.0568,-16.8622
1793,1.03685,-9.31882
1794,1.00154,-12.3827
2916,1.00197,-12.303
1795,0.984038,-8.49398
1796,1.03855,-19.87
1797,1.06488,3.191
1798,1.01035,-6.5722
1799,1.0405,-4.12679
1800,1.02412,-8.2941
1801,1.03855,-7.74547
1802,1.03616,14.3725
2917,1.01862,7.67718
2918,1.03625,14.4395
2919,1.03624,14.4328
2920,1.03375,4.20469
2921,1.018,7.28085
1803,1.03375,4.20469
1804,1.0807,0.10173
1805,1.07736,2.95691
1806,1.03923,-14.1431
1807,1.02368,-9.27591
1808,1.04366,-10.2655
1809,1.03266,-22.061
1810,1.03645,-14.2893
1811,1.03054,-5.99401
1812,1.07206,-2.32181
1813,1.03752,-1.63012
1814,1.0426,-8.00225
1815,0.889158,-2.88802
1816,0.88889,-2.89603
1817,1.0219,-3.11873
1818,1.02459,-4.00065
1819,1.0159,-14.2968
1820,1.06909,-13.9381
1821,1.07556,-11.2021
1822,1.05839,0.107991
1823,1.06039,-4.85078
1824,1.07736,-12.7478
1825,1.03559,-8.4775
1826,1.01552,-2.46817
1827,1.08115,-14.2938
1828,1.05887,-6.17561
1829,1.01835,-7.47046
1830,1.07388,-2.45651
1831,1.07636,-7.48753
1832,1.07369,-1.36727
1833,1.07464,0.573568
1834,1.04057,-13.8469
1835,1.04017,-9.44731
1836,1.07058,-2.99658
1837,1.04405,-20.5087
1838,1.05045,-3.68123
1839,1.06623,-0.584364
1840,1.08352,4.22897
1841,1.09913,3.71479
2924,1.09628,5.50482
1842,1.00695,-7.83084
1843,1.02776,-4.50752
2925,1.03222,-6.15056
1844,0.995355,-4.47996
1845,1.05265,-3.16034
1846,1.08437,2.06514
1847,1.0316,-12.0017
1848,1.04006,-19.2629
1849,1.07909,-16.1719
1850,1.04465,-10.268
1851,1.06228,-7.14208
1852,1.04199,-12.3248
1853,1.03213,-6.01044
2926,1.03212,-6.01254
1854,1.0531,-3.62072
1855,1.03209,-6.10026
1856,1.02379,-8.26257
1857,1.0221,-3.6601
1858,0.890766,-2.68656
1859,1.03334,3.41654
1860,1.06052,-0.299539
1861,1.04839,-5.29608
2953,0.988936,-4.6825
2954,1.00621,-5.92992
2980,1.0012,-5.57542
1862,1.03978,-3.94218
2927,1.04931,-4.61797
1863,1.04747,-1.11669
1864,1.03773,-1.35845
1865,1.03773,-1.35118
1866,1.04035,-3.99647
1867,1.06291,-0.358832
2928,1.06521,-0.468094
1868,0.972466,-3.96653
1869,1.05307,-4.31132
2974,0.972756,-4.35491
2975,0.973338,-3.94721
1870,1.03195,-3.66606
2929,1.05509,-4.07223
1871,1.05718,-1.91304
1872,1.04615,-1.45106
1873,1.02768,6.04892
2931,1.01071,-3.34083
2932,1.02068,2.06884
1874,1.03505,-4.73615
2933,1.03505,-4.75387
2934,1.05414,-0.609069
1875,1.05426,-0.630437
2935,1.03513,-4.75832
1876,1.0563,4.1499
1877,1.02431,-11.0866
1878,1.02346,-5.16546
1879,1.02292,-3.93509
1880,1.03474,-2.94326
1881,1.02828,-4.29409
1882,1.0222,-2.90653
1883,1.00819,-8.67306
1884,1.04875,-1.39048
2936,1.04859,-1.44585
1885,1.05439,-5.05406
2937,1.0627,-3.2514
1886,1.03242,-6.18451
1887,1.00966,-5.81979
1888,1.01209,-3.8214
1889,1.01908,-12.2359
1890,1.07303,-9.42636
1891,1.06427,-0.494937
1892,1.06802,1.76006
1893,1.07478,-2.68124
2940,1.0751,-2.73488
1894,1.07468,-1.95329
1895,1.07525,-0.314409
1896,1.06523,-0.737185
2941,1.06484,-0.741261
1897,1.0662,-2.42355
1898,1.07894,-0.558793
1899,1.01364,-8.42139
1901,1.06039,1.16019
1902,0.914391,-3.27872
1903,1.04658,-7.93141
1904,1.06717,-12.9415
1905,1.02468,-5.29963
1906,1.01943,-6.77293
1907,0.913552,-3.72397
1908,1.06945,-0.672114
1909,0.924854,-3.34565
1910,1.03513,-11.2497
1911,1.09096,-16.0695
1912,1.02928,-4.24957
1913,1.0293,-4.24379
1914,1.07198,-1.68393
1915,1.01305,-8.92113
1916,1.04274,-0.861525
1917,1.08455,-12.4456
1918,1.05251,-14.1373
1919,1.0233,-3.2608
1920,1.01365,-4.85562
1921,1.01534,-5.79371
1922,1.00426,-6.65565
1923,1.07046,-2.4772
1924,1.01925,-1.6487
1925,1.05689,-4.84175
1926,1.0568,-16.8528
1927,1.05679,-16.8604
1928,1.0493,-5.50158
1929,1.05103,-5.63225
1930,1.0491,-5.55085
1931,1.06522,-8.81686
1932,1.00464,-7.30647
1933,1.01095,-5.28238
1934,1.08803,3.57221
1935,1.01524,-4.63257
1936,1.02014,-4.16066
1937,1.04985,-10.2318
1938,1.04157,-11.0972
1939,1.07611,-9.78188
1940,1.01424,-15.048
1941,1.04022,-9.00577
1942,1.02752,-13.8649
1943,1.04934,-4.60317
1944,1.0269,-14.0582
1945,1.04939,-4.6202
1946,1.02974,-14.4146
1947,1.04592,-11.0896
1948,1.02068,-4.52247
1949,1.02473,-2.61997
1950,1.05252,-0.424504
1951,1.04102,-9.86859
1952,1.04189,-5.29049
1953,1.03664,-10.5516
1954,1.0432,-3.78324
1955,1.04314,-3.80683
1956,1.07134,-7.50476
1957,1.0767,-10.9282
1958,1.02803,-4.84176
1959,1.02308,-4.00987
1960,1.0324,-7.8884
1961,1.04287,-10.7362
1962,1.01188,-1.52851
1963,1.01936,-9.20554
1964,1.0135,-3.97753
1965,1.03822,-4.39098
1966,1.05619,-16.7075
1967,1.05615,-16.6845
1968,1.07405,-1.06655
1969,1.02668,-2.18118
1970,1.01938,-9.2064
1971,1.03291,-7.82148
1972,1.02495,-8.29539
1973,1.01442,-4.99682
1974,1.01989,-8.99
1975,1.04555,-12.019
1976,1.04799,-11.5423
1977,1.04924,-2.83023
1978,1.02912,-4.0595
1979,1.02433,-4.70573
1980,1.07697,-6.84349
1981,1.06515,-0.753943
1982,1.0194,-3.76699
1983,1.07615,-1.51106
1984,1.03209,-4.91758
1985,1.05199,-1.978
1986,1.05489,-2.22912
1987,1.04456,-12.7445
1988,1.04219,-11.0274
1989,1.05371,-5.56306
1990,1.05349,-5.56834
1991,1.04376,-13.4512
1992,1.06327,-4.75722
1993,1.06282,-4.80092
1994,1.03058,-3.95816
1995,1.05444,-4.29257
1996,1.08569,3.74503
1997,1.04557,-13.8755
1998,1.00902,-8.29117
1999,1.03455,0.759457
2000,1.03471,0.760637
2001,0.917052,-3.99182
2002,1.04686,-4.07901
2003,1.05111,-5.04132
2004,1.02887,-4.25507
2005,1.07437,-9.65491
2006,1.03533,-1.71285
2007,1.04208,-14.7256
2008,0.892513,-2.46634
2009,1.07539,-2.31876
2010,1.02428,-2.86579
2011,1.06316,-4.41319
2012,1.06328,-4.44001
2013,1.03596,-5.55148
2014,1.08692,3.51578
2015,1.00808,-7.49018
2016,1.06742,-7.67736
2017,1.03956,-2.53531
2018,1.08232,-5.03312
2019,1.03243,-14.3109
2020,1.03549,-5.18117
2021,1.04168,-5.19255
2022,1.03281,-5.23236
2023,1.03385,-1.96669
2024,1.02779,-4.82829
2025,1.04232,-11.693
2026,0.981538,-4.28692
2027,1.06217,-3.54932
2028,1.06177,-3.6021
2029,1.03432,-7.63812
2030,1.04201,-3.72878
2031,1.02422,-7.56155
2032,1.06744,-2.51735
2033,1.05601,0.466181
2034,1.03645,-4.98838
2035,1.04456,-12.4041
2036,1.02146,-2.95134
2037,1.05999,0.00373591
2038,1.04995,-4.87309
2039,0.990657,-4.49797
2040,1.0631,-7.17088
2041,1.07453,-19.4807
2042,1.03243,-1.80652
2043,1.05019,-16.9968
2044,1.03146,-9.27987
2045,1.02938,-4.17411
2046,0.972943,-4.31398
2047,1.08845,-16.4144
2048,1.01044,-7.08865
2049,1.01589,-7.85663
2050,0.965012,-7.99121
2051,1.03988,-4.01329
2052,1.03999,-4.00635
2053,1.01721,-4.66163
2054,1.06285,-3.32133
2055,1.01655,-8.13397
2056,1.05419,-10.3092
2057,1.0057,-7.87831
2058,0.982507,-6.74322
2059,1.09025,-16.1576
2060,1.04441,-10.7888
2061,1.03317,-3.69798
2062,1.03259,-11.8506
2063,1.04182,-13.6287
2064,1.07759,4.08687
2065,1.05274,-14.0714
2066,1.05112,-14.4514
2067,1.06162,-21.6563
2068,1.03282,-4.25389
2069,1.02954,-4.21085
2070,1.06208,-21.6271
2071,1.03289,-6.41742
2072,1.034,-23.7866
2073,1.03402,-23.7903
2074,1.00884,-8.2935
2075,1.01307,-6.46297
2076,1.08159,-5.15061
2077,1.03039,3.64605
2078,0.973394,-4.2294
2079,1.01075,-2.56922
2080,0.974881,-4.14803
2081,1.01039,-0.593946
2082,1.03683,-7.10924
2083,1.0283,-4.29452
2084,1.0192,-4.67842
2085,1.06501,-10.7164
2086,1.04766,-3.45044
2087,0.986385,-7.5629
2088,1.02397,-3.30241
2089,1.07075,-0.763296
2090,1.06757,-12.9558
2091,1.07152,-10.1997
2092,1.01944,-3.20435
2093,1.02379,-8.26257
2094,1.03255,-7.84037
2095,1.06691,-3.93848
2096,1.0663,-3.77519
2097,1.02557,-3.11445
2098,1.05004,-4.86024
2099,1.03917,-4.32854
2100,1.02908,-4.79385
2101,1.04309,-12.383
2102,1.03786,-17.2196
2103,1.06418,-1.61313
2104,1.06683,-4.05456
2105,1.03958,-1.18125
2106,1.0125,-9.3629
2107,1.06113,-6.57607
2108,1.03873,-10.4115
2109,1.049,-5.67767
2110,1.07211,2.0793
2111,1.0322,-5.30405
2112,1.06655,1.98725
2113,1.04978,-5.34545
2114,1.05009,-18.6089
2115,1.07635,1.83736
2116,1.04792,-17.5064
2117,1.03756,-12.6446
2118,1.04128,-10.4495
2119,1.03695,-21.0254
2120,1.02562,-7.09642
2121,1.03472,-8.32279
2122,0.913839,-4.03567
2123,1.07151,-10.7864
2124,1.03721,-27.4534
2125,1.02431,-2.84436
2126,0.923048,-3.66416
2127,1.07807,-5.33132
2128,1.05376,-3.38678
2129,1.0556,-22.9006
2130,1.03538,-22.4667
2131,1.02142,-9.02232
2132,1.04265,-10.3352
2133,1.04193,-9.4503
2134,1.0278,-5.79913
2135,1.03651,-7.04562
2136,1.04178,-11.1605
2137,1.01639,-8.24064
2138,0.923128,-3.71047
2139,0.91024,-3.18754
2140,1.04472,-10.0723
2141,1.04585,-10.2413
2142,1.04127,-15.3043
2143,1.04767,-2.82478
2144,1.00861,-7.13353
2145,0.891455,-3.51502
2146,1.03167,-6.05097
2147,1.02464,-8.50657
2148,1.07426,-12.2815
2149,1.03703,-7.11348
2150,1.07008,-0.373082
2151,1.06261,-22.2363
2152,1.0325,-8.02467
2153,1.06764,-5.51158
2154,1.03686,-9.31853
2155,1.00197,-12.328
2156,1.0733,-3.9189
2157,1.00875,-6.60191
2158,0.890743,-2.68993
2159,1.06576,-16.1633
2160,1.0143,-3.51891
2161,1.0662,-2.42208
2162,1.02352,0.0688413
2163,1.0743,-0.857067
2164,1.08766,-19.0642
2165,1.08041,-19.2616
2166,1.07032,-16.0142
2167,1.06084,-4.41578
2168,1.05285,-0.383786
2169,1.06654,-2.25534
2170,1.04613,-4.33722
2171,1.02988,-2.70306
2172,1.08358,-16.4401
2173,1.04588,-3.08852
2174,1.08032,-13.5461
2175,1.08088,1.76385
2176,1.06797,-4.59223
2177,1.08031,-15.6804
2178,1.03868,-2.19926
2179,1.09486,-11.7121
2180,1.0825,-14.5453
2181,1.05944,-5.98418
2182,1.08778,-1.96615
2183,1.03075,-5.67974
2184,1.05319,-5.73694
2185,1.05346,-5.64878
2186,1.04845,-3.29914
2187,1.04083,-17.4572
2188,1.06807,-10.5836
2189,1.05447,-4.39386
2190,1.04839,-5.29608
2191,1.0252,-3.67091
2192,1.01683,-8.6999
2193,1.08441,-19.2568
2194,1.02969,-5.12155
2195,1.08041,-19.4015
2196,1.07057,-16.1138
2197,1.05157,-0.151482
2198,1.05163,-4.00874
2199,1.06257,-13.0844
2200,1.06287,-4.19875
2201,1.07269,-12.8496
2202,1.08131,1.65002
2203,1.0724,-3.94915
2204,1.03362,-2.33801
2205,1.03462,-4.25936
2206,1.09402,-11.6287
2207,1.08289,-14.6578
2208,1.05058,-5.71127
2209,1.03646,-5.62739
2210,1.05362,-5.64784
2211,1.06812,-10.4665
2212,1.07088,-14.415
2213,1.04835,-5.31394
2214,1.02919,-4.41778
2215,1.02207,-3.92756
2216,1.06857,-0.887833
2217,1.04502,-8.61033
2218,1.02579,-1.79805
2219,1.06486,-5.03955
2220,1.04528,-1.69161
2221,1.04641,-4.05986
2222,1.04112,-7.45803
2223,1.07212,-0.690166
2224,1.08991,-18.018
2225,1.03441,-8.10581
2226,1.07123,-3.68495
2227,1.03969,-6.04272
2228,1.05935,-6.0773
2229,1.02017,-5.88392
2230,1.03496,-4.85226
2231,1.076,-2.12385
2232,1.04433,-4.74383
2233,1.06287,-4.66502
2234,1.08363,-5.44706
2235,1.05472,-7.15175
2236,1.06808,-4.64276
2237,1.04545,-6.08121
2238,1.06333,-3.66064
2239,1.04043,-5.36576
2240,1.0813,-2.1156
2241,1.05445,-5.63115
2242,1.02879,-4.0373
2243,1.06602,-4.55962
2244,1.1025,-1.49433
2245,1.07842,-5.32653
2246,1.04201,0.537421
2247,1.0577,-5.98749
2248,1.05307,-4.31132
2249,1.04821,-17.8352
2250,0.9919,4.45487
2251,0.997469,7.10411
2253,0.959906,-15.002
2254,0.959907,-15.002
2255,0.932384,-14.6938
2257,0.978004,-6.73696
2258,0.978546,-6.92516
2260,1.06927,-5.52526
2261,1.06418,-0.762685
2262,1.06401,-5.53712
2263,1.06401,-5.53712
2266,0.926388,1.87184
2267,0.914472,9.05399
2269,0.926606,1.83473
2270,1.03745,1.56873
2271,1.03114,-2.82204
2272,1.03744,1.57624
2273,1.03219,-0.0951043
2274,0.984848,3.83313
2275,0.923324,8.13186
2276,0.992903,7.88795
2277,0.96312,6.18573
2278,0.977836,7.26092
2279,0.94734,-3.47783
2280,0.958963,-3.36564
2281,0.94734,-3.47783
2282,0.958963,-3.36564
2283,0.958963,-3.36564
2284,0.940875,6.58668
2286,0.920822,-2.81801
2289,0.896317,1.28673
2293,0.902284,10.3738
2294,0.898529,10.8691
2295,0.942374,2.14946
2296,0.900456,10.9295
2297,0.897447,14.4216
2298,0.907284,7.98307
2299,1.06819,-6.33048
2300,1.06819,-6.33048
2301,1.06819,-6.33048
2302,1.06655,-3.3757
2303,1.06848,-6.2206
2304,1.06655,-3.3757
2306,0.946009,-7.1761
2307,1.00722,9.36763
2309,1.005,10.6627
2310,1.00551,11.3484
2311,0.882403,3.34237
2312,0.990152,-4.7848
2313,0.948912,-4.7848
2314,0.980058,-6.89343
2315,0.93923,3.0864
2316,0.929195,9.82116
2317,0.947051,6.96301
2319,0.960847,1.36329
2320,0.967626,6.77835
2321,0.952129,7.5045
2322,0.984908,13.9899
2323,0.944813,0.532053
2324,0.926019,0.592468
2325,0.970689,4.58547
2326,0.967085,-0.0639347
2327,0.959148,2.83568
2328,0.993639,-2.42695
2329,1.00162,2.81652
2330,0.99428,-0.956873
2331,0.930874,6.24595
2336,0.924045,-3.21482
2337,0.924045,-3.21482
2338,0.924045,-3.21482
2339,0.914867,3.19728
2340,0.924045,-3.21482
2341,0.924045,-3.21482
2342,0.963581,0.34498
2343,0.963582,0.345104
2344,0.963589,0.346082
2345,0.963589,0.346082
2348,1.01115,1.12542
2349,0.984683,-2.041
2350,0.997008,-4.77282
2351,0.965653,8.77753
2352,0.912524,11.8327
2353,0.912533,11.8327
2354,0.912483,11.8329
2355,0.920805,5.88713
2356,0.967291,-3.58881
2357,1.01564,12.6015
2358,1.01404,12.4899
2359,0.949112,-3.231
2360,0.951035,-1.73528
2361,0.930642,-1.79163
2362,0.923677,-1.6167
2363,0.946752,-2.97362
2364,0.995429,-5.23723
2365,1.00374,0.0437142
2366,0.928783,-3.51729
2368,1.00937,-6.14185
2370,0.939706,-3.85511
2371,0.978108,8.24222
2372,0.978106,8.28277
2373,0.978109,8.24067
2374,1.00449,3.38595
2375,1.00449,3.38653
2376,0.978151,3.88741
2377,0.980025,5.51566
2378,0.990933,-1.25894
2379,0.99889,-0.0166706
2380,0.991674,-0.0166766
2381,0.979643,6.21026
2385,0.957499,-15.6659
2386,0.895306,-15.5673
2389,0.966043,-3.6728
2390,0.943561,-3.64606
2391,0.943561,-3.64606
2392,0.928012,-3.62303
2393,0.943561,-3.64606
2394,0.930183,6.44586
2395,0.946103,-4.47827
2396,0.946103,-4.47827
2401,0.996642,-6.9882
2402,0.996643,-6.9882
2403,0.996642,-6.9882
2404,0.967155,-7.16877
2406,0.920982,3.95415
2408,0.93185,-2.97305
2409,0.983149,8.11651
2410,0.978786,11.2265
2412,0.883864,-15.7064
2413,0.994737,-4.68874
2414,0.994735,-4.68872
2415,0.945124,-4.6877
2416,0.918549,2.71456
2417,0.963516,-2.66954
2418,0.972053,-9.18388
2419,0.962713,-1.23386
2420,0.957674,4.58784
2421,0.902452,-1.30922
2422,0.889977,6.18175
2423,0.902399,-1.30983
2424,0.902381,-1.30611
2427,0.951238,2.00679
2428,0.948219,7.66803
2429,1.0432,-2.69071
2431,0.975529,-2.27558
2432,0.953507,1.65549
2434,0.961265,-6.19028
2435,0.957032,-1.95717
2437,0.978725,6.19815
2438,0.986054,11.2232
2439,0.985982,11.2393
2440,0.986948,6.69649
2441,0.967651,7.12692
2442,0.987059,12.2298
2443,0.987134,6.99593
2444,0.948295,9.43383
2445,0.948295,9.43383
2446,0.948294,9.43781
2447,0.958256,8.65382
2448,0.926364,-8.23085
2449,0.926364,-8.23085
2450,0.926364,-8.23085
2452,1.03016,-9.53775
2453,1.02067,-8.62372
2454,0.977285,-6.72006
2455,0.987522,-1.34556
2457,0.971583,-3.79617
2458,0.976326,3.92229
2460,0.983375,-2.16605
2461,0.993949,5.86342
2462,1.08865,-4.26081
2463,1.0776,-5.24129
2464,1.08328,-0.338279
2465,1.0764,-5.23972
2470,0.943278,12.032
2471,0.985171,4.87709
2472,0.954417,5.3027
2473,0.954405,5.30299
2481,1.011,1.17886
2484,0.937926,-3.8796
2490,0.930854,2.03067
2496,1.02325,-4.57966
2498,0.912603,12.36
2499,0.946457,9.95768
2500,0.997139,3.42998
2501,0.982082,6.56492
2502,0.955188,8.47407
2503,0.956511,8.60782
2508,0.960454,0.264013
2509,0.96935,-1.17831
2513,0.945974,1.70948
2514,0.96918,2.29876
2516,1.02038,-2.70117
2517,1.02037,-2.70114
2518,0.953447,-6.98364
2519,0.96441,3.68455
2520,0.9617,6.65508
2521,0.952967,11.1809
2522,0.952967,11.1809
2527,0.98427,2.99914
2528,0.993178,7.99869
2529,0.957115,10.9955
2530,0.959754,9.0777
2531,0.964454,2.28256
2532,0.969601,-1.19159
2533,0.991992,-1.86371
2534,0.920987,-2.49463
2535,0.921634,-1.96691
2537,0.915752,-0.275591
2538,0.89015,9.93316
2539,1.05234,-0.0811039
2540,1.05247,-0.0727118
2541,1.02845,-4.4786
2542,1.08254,2.24166
2543,1.07071,-25.8017
2544,1.0666,-2.12905
2545,1.08809,3.12444
2546,1.08725,3.06293
2547,1.08428,-0.943607
2548,1.08189,-1.06577
2549,1.07038,-1.25428
2550,1.07039,-2.62465
2551,1.06953,-16.8462
2552,1.07343,-19.3913
2553,1.04925,-0.593865
2554,1.03625,-5.04068
2555,1.07179,-0.150214
2556,1.07824,3.42635
2557,1.10526,2.62504
2558,1.10299,4.53766
2559,1.08694,-1.57596
2560,1.09731,-24.6259
2561,1.06855,-1.46199
2562,1.03525,-4.62393
2564,1.04016,-2.3137
2565,1.03852,-4.94821
2566,1.03647,3.1527
2567,1.03565,-3.38038
2568,1.03565,-3.38045
2569,1.05835,-2.09679
2570,1.07058,-17.9452
